test	Set up job	﻿2026-09-27T16:56:59.3512776Z Current runner version: '2.337.0'
test	Set up job	2026-09-27T16:56:59.3528905Z ##[group]Runner Image Provisioner
test	Set up job	2026-09-27T16:56:59.3529572Z Hosted Compute Agent
test	Set up job	2026-09-27T16:56:59.3530030Z Version: 20260828.587
test	Set up job	2026-09-27T16:56:59.3530467Z Commit: abac92662cab4cc7352de4f9f9d2e2419aad9c29
test	Set up job	2026-09-27T16:56:59.3530975Z Build Date: 2026-08-28T16:44:25Z
test	Set up job	2026-09-27T16:56:59.3531469Z Worker ID: {91f888d3-b6b5-4580-b254-1fb18ec70c22}
test	Set up job	2026-09-27T16:56:59.3531953Z Azure Region: centralus
test	Set up job	2026-09-27T16:56:59.3532348Z ##[endgroup]
test	Set up job	2026-09-27T16:56:59.3533235Z ##[group]Operating System
test	Set up job	2026-09-27T16:56:59.3533668Z Ubuntu
test	Set up job	2026-09-27T16:56:59.3534036Z 24.04.5
test	Set up job	2026-09-27T16:56:59.3534414Z LTS
test	Set up job	2026-09-27T16:56:59.3534766Z ##[endgroup]
test	Set up job	2026-09-27T16:56:59.3535148Z ##[group]Runner Image
test	Set up job	2026-09-27T16:56:59.3535571Z Image: ubuntu-24.04
test	Set up job	2026-09-27T16:56:59.3536203Z Version: 20260920.314.1
test	Set up job	2026-09-27T16:56:59.3537099Z Included Software: https://github.com/actions/runner-images/blob/ubuntu24/20260920.314/images/ubuntu/Ubuntu2404-Readme.md
test	Set up job	2026-09-27T16:56:59.3538485Z Image Release: https://github.com/actions/runner-images/releases/tag/ubuntu24%2F20260920.314
test	Set up job	2026-09-27T16:56:59.3539243Z ##[endgroup]
test	Set up job	2026-09-27T16:56:59.3540132Z ##[group]GITHUB_TOKEN Permissions
test	Set up job	2026-09-27T16:56:59.3541662Z Contents: read
test	Set up job	2026-09-27T16:56:59.3542081Z Metadata: read
test	Set up job	2026-09-27T16:56:59.3542473Z ##[endgroup]
test	Set up job	2026-09-27T16:56:59.3543838Z Secret source: Actions
test	Set up job	2026-09-27T16:56:59.3544509Z Cache mode: write
test	Set up job	2026-09-27T16:56:59.3544955Z Prepare workflow directory
test	Set up job	2026-09-27T16:56:59.3761477Z Prepare all required actions
test	Set up job	2026-09-27T16:56:59.3794884Z Getting action download info
test	Set up job	2026-09-27T16:56:59.6706539Z Download action repository 'actions/checkout@v7' (SHA:3d3c42e5aac5ba805825da76410c181273ba90b1)
test	Set up job	2026-09-27T16:57:00.1300413Z Download action repository 'actions/setup-node@v7' (SHA:820762786026740c76f36085b0efc47a31fe5020)
test	Set up job	2026-09-27T16:57:00.3157042Z Download action repository 'actions/setup-python@v7' (SHA:5fda3b95a4ea91299a34e894583c3862153e4b97)
test	Set up job	2026-09-27T16:57:00.6525199Z Complete job name: test
test	Run actions/checkout@v7	﻿2026-09-27T16:57:00.7070559Z ##[group]Run actions/checkout@v7
test	Run actions/checkout@v7	2026-09-27T16:57:00.7071298Z with:
test	Run actions/checkout@v7	2026-09-27T16:57:00.7071744Z   fetch-depth: 0
test	Run actions/checkout@v7	2026-09-27T16:57:00.7072172Z   repository: Solutions-of-Security/Agat
test	Run actions/checkout@v7	2026-09-27T16:57:00.7075532Z   token: ***
test	Run actions/checkout@v7	2026-09-27T16:57:00.7076108Z   ssh-strict: true
test	Run actions/checkout@v7	2026-09-27T16:57:00.7076515Z   ssh-user: git
test	Run actions/checkout@v7	2026-09-27T16:57:00.7076954Z   persist-credentials: true
test	Run actions/checkout@v7	2026-09-27T16:57:00.7077402Z   clean: true
test	Run actions/checkout@v7	2026-09-27T16:57:00.7077867Z   sparse-checkout-cone-mode: true
test	Run actions/checkout@v7	2026-09-27T16:57:00.7078330Z   fetch-tags: false
test	Run actions/checkout@v7	2026-09-27T16:57:00.7078704Z   show-progress: true
test	Run actions/checkout@v7	2026-09-27T16:57:00.7079412Z   lfs: false
test	Run actions/checkout@v7	2026-09-27T16:57:00.7079825Z   submodules: false
test	Run actions/checkout@v7	2026-09-27T16:57:00.7080282Z   set-safe-directory: true
test	Run actions/checkout@v7	2026-09-27T16:57:00.7080744Z   allow-unsafe-pr-checkout: false
test	Run actions/checkout@v7	2026-09-27T16:57:00.7081372Z ##[endgroup]
test	Run actions/checkout@v7	2026-09-27T16:57:00.7857865Z Syncing repository: Solutions-of-Security/Agat
test	Run actions/checkout@v7	2026-09-27T16:57:00.7859735Z ##[group]Getting Git version info
test	Run actions/checkout@v7	2026-09-27T16:57:00.7860595Z Working directory is '/home/runner/work/Agat/Agat'
test	Run actions/checkout@v7	2026-09-27T16:57:00.7861955Z [command]/usr/bin/git version
test	Run actions/checkout@v7	2026-09-27T16:57:00.8509519Z git version 2.55.0
test	Run actions/checkout@v7	2026-09-27T16:57:00.8523319Z ##[endgroup]
test	Run actions/checkout@v7	2026-09-27T16:57:00.8531955Z Temporarily overriding HOME='/home/runner/work/_temp/ca8da1af-ae75-4a8c-8214-b4e29d6de7c7' before making global git config changes
test	Run actions/checkout@v7	2026-09-27T16:57:00.8533300Z Adding repository directory to the temporary git global config as a safe directory
test	Run actions/checkout@v7	2026-09-27T16:57:00.8536203Z [command]/usr/bin/git config --global --add safe.directory /home/runner/work/Agat/Agat
test	Run actions/checkout@v7	2026-09-27T16:57:00.8573832Z Deleting the contents of '/home/runner/work/Agat/Agat'
test	Run actions/checkout@v7	2026-09-27T16:57:00.8576408Z ##[group]Determining repository object format
test	Run actions/checkout@v7	2026-09-27T16:57:00.8577559Z ##[endgroup]
test	Run actions/checkout@v7	2026-09-27T16:57:00.8578262Z ##[group]Initializing the repository
test	Run actions/checkout@v7	2026-09-27T16:57:00.8580403Z [command]/usr/bin/git init /home/runner/work/Agat/Agat
test	Run actions/checkout@v7	2026-09-27T16:57:00.9644884Z hint: Using 'master' as the name for the initial branch. This default branch name
test	Run actions/checkout@v7	2026-09-27T16:57:00.9647265Z hint: will change to "main" in Git 3.0. To configure the initial branch name
test	Run actions/checkout@v7	2026-09-27T16:57:00.9648414Z hint: to use in all of your new repositories, which will suppress this warning,
test	Run actions/checkout@v7	2026-09-27T16:57:00.9649249Z hint: call:
test	Run actions/checkout@v7	2026-09-27T16:57:00.9649796Z hint:
test	Run actions/checkout@v7	2026-09-27T16:57:00.9650476Z hint: 	git config --global init.defaultBranch <name>
test	Run actions/checkout@v7	2026-09-27T16:57:00.9651251Z hint:
test	Run actions/checkout@v7	2026-09-27T16:57:00.9651998Z hint: Names commonly chosen instead of 'master' are 'main', 'trunk' and
test	Run actions/checkout@v7	2026-09-27T16:57:00.9653013Z hint: 'development'. The just-created branch can be renamed via this command:
test	Run actions/checkout@v7	2026-09-27T16:57:00.9653917Z hint:
test	Run actions/checkout@v7	2026-09-27T16:57:00.9654356Z hint: 	git branch -m <name>
test	Run actions/checkout@v7	2026-09-27T16:57:00.9654847Z hint:
test	Run actions/checkout@v7	2026-09-27T16:57:00.9655524Z hint: Disable this message with "git config set advice.defaultBranchName false"
test	Run actions/checkout@v7	2026-09-27T16:57:00.9656802Z Initialized empty Git repository in /home/runner/work/Agat/Agat/.git/
test	Run actions/checkout@v7	2026-09-27T16:57:00.9659076Z [command]/usr/bin/git remote add origin https://github.com/Solutions-of-Security/Agat
test	Run actions/checkout@v7	2026-09-27T16:57:00.9707081Z ##[endgroup]
test	Run actions/checkout@v7	2026-09-27T16:57:00.9709525Z ##[group]Disabling automatic garbage collection
test	Run actions/checkout@v7	2026-09-27T16:57:00.9712277Z [command]/usr/bin/git config --local gc.auto 0
test	Run actions/checkout@v7	2026-09-27T16:57:00.9737410Z ##[endgroup]
test	Run actions/checkout@v7	2026-09-27T16:57:00.9738491Z ##[group]Setting up auth
test	Run actions/checkout@v7	2026-09-27T16:57:00.9739224Z Removing SSH command configuration
test	Run actions/checkout@v7	2026-09-27T16:57:00.9742554Z [command]/usr/bin/git config --local --name-only --get-regexp core\.sshCommand
test	Run actions/checkout@v7	2026-09-27T16:57:00.9764930Z [command]/usr/bin/git submodule foreach --recursive sh -c "git config --local --name-only --get-regexp 'core\.sshCommand' && git config --local --unset-all 'core.sshCommand' || :"
test	Run actions/checkout@v7	2026-09-27T16:57:01.0142604Z Removing HTTP extra header
test	Run actions/checkout@v7	2026-09-27T16:57:01.0147289Z [command]/usr/bin/git config --local --name-only --get-regexp http\.https\:\/\/github\.com\/\.extraheader
test	Run actions/checkout@v7	2026-09-27T16:57:01.0171873Z [command]/usr/bin/git submodule foreach --recursive sh -c "git config --local --name-only --get-regexp 'http\.https\:\/\/github\.com\/\.extraheader' && git config --local --unset-all 'http.https://github.com/.extraheader' || :"
test	Run actions/checkout@v7	2026-09-27T16:57:01.0315244Z Removing includeIf entries pointing to credentials config files
test	Run actions/checkout@v7	2026-09-27T16:57:01.0320472Z [command]/usr/bin/git config --local --name-only --get-regexp ^includeIf\.gitdir:
test	Run actions/checkout@v7	2026-09-27T16:57:01.0343344Z [command]/usr/bin/git submodule foreach --recursive git config --local --show-origin --name-only --get-regexp remote.origin.url
test	Run actions/checkout@v7	2026-09-27T16:57:01.0491657Z [command]/usr/bin/git config --file /home/runner/work/_temp/git-credentials-5dae8d99-0445-4f2d-a5a1-7ed77ebae2a4.config http.https://github.com/.extraheader AUTHORIZATION: basic ***
test	Run actions/checkout@v7	2026-09-27T16:57:01.0517309Z [command]/usr/bin/git config --local includeIf.gitdir:/home/runner/work/Agat/Agat/.git.path /home/runner/work/_temp/git-credentials-5dae8d99-0445-4f2d-a5a1-7ed77ebae2a4.config
test	Run actions/checkout@v7	2026-09-27T16:57:01.0539128Z [command]/usr/bin/git config --local includeIf.gitdir:/home/runner/work/Agat/Agat/.git/worktrees/*.path /home/runner/work/_temp/git-credentials-5dae8d99-0445-4f2d-a5a1-7ed77ebae2a4.config
test	Run actions/checkout@v7	2026-09-27T16:57:01.0566445Z [command]/usr/bin/git config --local includeIf.gitdir:/github/workspace/.git.path /github/runner_temp/git-credentials-5dae8d99-0445-4f2d-a5a1-7ed77ebae2a4.config
test	Run actions/checkout@v7	2026-09-27T16:57:01.0590199Z [command]/usr/bin/git config --local includeIf.gitdir:/github/workspace/.git/worktrees/*.path /github/runner_temp/git-credentials-5dae8d99-0445-4f2d-a5a1-7ed77ebae2a4.config
test	Run actions/checkout@v7	2026-09-27T16:57:01.0611043Z ##[endgroup]
test	Run actions/checkout@v7	2026-09-27T16:57:01.0611762Z ##[group]Fetching the repository
test	Run actions/checkout@v7	2026-09-27T16:57:01.0616349Z [command]/usr/bin/git -c protocol.version=2 fetch --no-tags --prune --no-recurse-submodules origin +refs/heads/*:refs/remotes/origin/* +refs/tags/*:refs/tags/* +f49e371e032f86d210078c3f9fcc8a97f2053256:refs/remotes/pull/55/merge
test	Run actions/checkout@v7	2026-09-27T16:57:02.7658540Z From https://github.com/Solutions-of-Security/Agat
test	Run actions/checkout@v7	2026-09-27T16:57:02.7662064Z  * [new branch]      codex/coordinator-stream-shutdown        -> origin/codex/coordinator-stream-shutdown
test	Run actions/checkout@v7	2026-09-27T16:57:02.7663405Z  * [new branch]      codex/decision-shadow-editor             -> origin/codex/decision-shadow-editor
test	Run actions/checkout@v7	2026-09-27T16:57:02.7664486Z  * [new branch]      codex/decision-shadow-lease-fence        -> origin/codex/decision-shadow-lease-fence
test	Run actions/checkout@v7	2026-09-27T16:57:02.7665552Z  * [new branch]      codex/decision-shadow-preflight          -> origin/codex/decision-shadow-preflight
test	Run actions/checkout@v7	2026-09-27T16:57:02.7666847Z  * [new branch]      codex/embedding-commit-acknowledgement   -> origin/codex/embedding-commit-acknowledgement
test	Run actions/checkout@v7	2026-09-27T16:57:02.7668025Z  * [new branch]      codex/embedding-dimension-concurrency    -> origin/codex/embedding-dimension-concurrency
test	Run actions/checkout@v7	2026-09-27T16:57:02.7669306Z  * [new branch]      codex/embedding-http-deadline            -> origin/codex/embedding-http-deadline
test	Run actions/checkout@v7	2026-09-27T16:57:02.7670284Z  * [new branch]      codex/embedding-http-profile             -> origin/codex/embedding-http-profile
test	Run actions/checkout@v7	2026-09-27T16:57:02.7671420Z  * [new branch]      codex/embedding-http-response-limits     -> origin/codex/embedding-http-response-limits
test	Run actions/checkout@v7	2026-09-27T16:57:02.7672429Z  * [new branch]      codex/embedding-lease-lifecycle          -> origin/codex/embedding-lease-lifecycle
test	Run actions/checkout@v7	2026-09-27T16:57:02.7673553Z  * [new branch]      codex/embedding-transport-profile        -> origin/codex/embedding-transport-profile
test	Run actions/checkout@v7	2026-09-27T16:57:02.7674859Z  * [new branch]      codex/embedding-worker-lease-cancellation -> origin/codex/embedding-worker-lease-cancellation
test	Run actions/checkout@v7	2026-09-27T16:57:02.7676474Z  * [new branch]      codex/embedding-worker-recovery          -> origin/codex/embedding-worker-recovery
test	Run actions/checkout@v7	2026-09-27T16:57:02.7677428Z  * [new branch]      codex/github-presentation                -> origin/codex/github-presentation
test	Run actions/checkout@v7	2026-09-27T16:57:02.7678445Z  * [new branch]      codex/keycloak-gitops-and-project-updates -> origin/codex/keycloak-gitops-and-project-updates
test	Run actions/checkout@v7	2026-09-27T16:57:02.7679284Z  * [new branch]      codex/lease-maintenance-locks            -> origin/codex/lease-maintenance-locks
test	Run actions/checkout@v7	2026-09-27T16:57:02.7680446Z  * [new branch]      codex/lease-renewal-deadlines            -> origin/codex/lease-renewal-deadlines
test	Run actions/checkout@v7	2026-09-27T16:57:02.7681288Z  * [new branch]      codex/local-decisions-source-reports     -> origin/codex/local-decisions-source-reports
test	Run actions/checkout@v7	2026-09-27T16:57:02.7682412Z  * [new branch]      codex/local-minio-source-image           -> origin/codex/local-minio-source-image
test	Run actions/checkout@v7	2026-09-27T16:57:02.7683452Z  * [new branch]      codex/merge-all-branches                 -> origin/codex/merge-all-branches
test	Run actions/checkout@v7	2026-09-27T16:57:02.7684378Z  * [new branch]      codex/pgvector-compatibility             -> origin/codex/pgvector-compatibility
test	Run actions/checkout@v7	2026-09-27T16:57:02.7685327Z  * [new branch]      codex/rag-bounded-transfer               -> origin/codex/rag-bounded-transfer
test	Run actions/checkout@v7	2026-09-27T16:57:02.7686607Z  * [new branch]      codex/rag-capacity-boundary              -> origin/codex/rag-capacity-boundary
test	Run actions/checkout@v7	2026-09-27T16:57:02.7687662Z  * [new branch]      codex/rag-commit-acknowledgement         -> origin/codex/rag-commit-acknowledgement
test	Run actions/checkout@v7	2026-09-27T16:57:02.7688465Z  * [new branch]      codex/rag-control-lock-budget            -> origin/codex/rag-control-lock-budget
test	Run actions/checkout@v7	2026-09-27T16:57:02.7689314Z  * [new branch]      codex/rag-corpus-benchmark               -> origin/codex/rag-corpus-benchmark
test	Run actions/checkout@v7	2026-09-27T16:57:02.7690112Z  * [new branch]      codex/rag-deadline-http-qualification    -> origin/codex/rag-deadline-http-qualification
test	Run actions/checkout@v7	2026-09-27T16:57:02.7690973Z  * [new branch]      codex/rag-http-responsiveness            -> origin/codex/rag-http-responsiveness
test	Run actions/checkout@v7	2026-09-27T16:57:02.7691931Z  * [new branch]      codex/rag-isolated-executor              -> origin/codex/rag-isolated-executor
test	Run actions/checkout@v7	2026-09-27T16:57:02.7693025Z  * [new branch]      codex/rag-lease-locking                  -> origin/codex/rag-lease-locking
test	Run actions/checkout@v7	2026-09-27T16:57:02.7693837Z  * [new branch]      codex/rag-lease-validity                 -> origin/codex/rag-lease-validity
test	Run actions/checkout@v7	2026-09-27T16:57:02.7694761Z  * [new branch]      codex/rag-lease-write-fence              -> origin/codex/rag-lease-write-fence
test	Run actions/checkout@v7	2026-09-27T16:57:02.7695561Z  * [new branch]      codex/rag-main-http-qualification        -> origin/codex/rag-main-http-qualification
test	Run actions/checkout@v7	2026-09-27T16:57:02.7696547Z  * [new branch]      codex/rag-postgres-opt-in                -> origin/codex/rag-postgres-opt-in
test	Run actions/checkout@v7	2026-09-27T16:57:02.7697302Z  * [new branch]      codex/rag-search-budget                  -> origin/codex/rag-search-budget
test	Run actions/checkout@v7	2026-09-27T16:57:02.7698072Z  * [new branch]      codex/rag-shutdown-drain                 -> origin/codex/rag-shutdown-drain
test	Run actions/checkout@v7	2026-09-27T16:57:02.7698815Z  * [new branch]      codex/rag-worker-ranking                 -> origin/codex/rag-worker-ranking
test	Run actions/checkout@v7	2026-09-27T16:57:02.7699593Z  * [new branch]      codex/report-source-snapshots            -> origin/codex/report-source-snapshots
test	Run actions/checkout@v7	2026-09-27T16:57:02.7700374Z  * [new branch]      codex/terminal-lease-admission           -> origin/codex/terminal-lease-admission
test	Run actions/checkout@v7	2026-09-27T16:57:02.7701294Z  * [new branch]      dependabot/npm_and_yarn/aws-sdk/client-s3-3.1136.0 -> origin/dependabot/npm_and_yarn/aws-sdk/client-s3-3.1136.0
test	Run actions/checkout@v7	2026-09-27T16:57:02.7702261Z  * [new branch]      dependabot/npm_and_yarn/development-bf2bcdb55d -> origin/dependabot/npm_and_yarn/development-bf2bcdb55d
test	Run actions/checkout@v7	2026-09-27T16:57:02.7703150Z  * [new branch]      dependabot/npm_and_yarn/multi-7f19880bf6 -> origin/dependabot/npm_and_yarn/multi-7f19880bf6
test	Run actions/checkout@v7	2026-09-27T16:57:02.7703958Z  * [new branch]      dependabot/npm_and_yarn/multi-de36fa8f59 -> origin/dependabot/npm_and_yarn/multi-de36fa8f59
test	Run actions/checkout@v7	2026-09-27T16:57:02.7704827Z  * [new branch]      dependabot/npm_and_yarn/xyflow/react-12.11.6 -> origin/dependabot/npm_and_yarn/xyflow/react-12.11.6
test	Run actions/checkout@v7	2026-09-27T16:57:02.7705539Z  * [new branch]      main                                     -> origin/main
test	Run actions/checkout@v7	2026-09-27T16:57:02.7706300Z  * [new tag]         v1.7.0                                   -> v1.7.0
test	Run actions/checkout@v7	2026-09-27T16:57:02.7706881Z  * [new ref]         f49e371e032f86d210078c3f9fcc8a97f2053256 -> pull/55/merge
test	Run actions/checkout@v7	2026-09-27T16:57:02.7708819Z ##[endgroup]
test	Run actions/checkout@v7	2026-09-27T16:57:02.7709673Z ##[group]Determining the checkout info
test	Run actions/checkout@v7	2026-09-27T16:57:02.7710623Z ##[endgroup]
test	Run actions/checkout@v7	2026-09-27T16:57:02.7711226Z [command]/usr/bin/git sparse-checkout disable
test	Run actions/checkout@v7	2026-09-27T16:57:02.7716228Z [command]/usr/bin/git config --local --unset-all extensions.worktreeConfig
test	Run actions/checkout@v7	2026-09-27T16:57:02.8110156Z ##[group]Checking out the ref
test	Run actions/checkout@v7	2026-09-27T16:57:02.8114012Z [command]/usr/bin/git checkout --progress --force refs/remotes/pull/55/merge
test	Run actions/checkout@v7	2026-09-27T16:57:03.0402167Z Note: switching to 'refs/remotes/pull/55/merge'.
test	Run actions/checkout@v7	2026-09-27T16:57:03.0402549Z
test	Run actions/checkout@v7	2026-09-27T16:57:03.0402933Z You are in 'detached HEAD' state. You can look around, make experimental
test	Run actions/checkout@v7	2026-09-27T16:57:03.0403542Z changes and commit them, and you can discard any commits you make in this
test	Run actions/checkout@v7	2026-09-27T16:57:03.0404257Z state without impacting any branches by switching back to a branch.
test	Run actions/checkout@v7	2026-09-27T16:57:03.0404607Z
test	Run actions/checkout@v7	2026-09-27T16:57:03.0404892Z If you want to create a new branch to retain commits you create, you may
test	Run actions/checkout@v7	2026-09-27T16:57:03.0405857Z do so (now or later) by using -c with the switch command. Example:
test	Run actions/checkout@v7	2026-09-27T16:57:03.0406237Z
test	Run actions/checkout@v7	2026-09-27T16:57:03.0406414Z   git switch -c <new-branch-name>
test	Run actions/checkout@v7	2026-09-27T16:57:03.0406728Z
test	Run actions/checkout@v7	2026-09-27T16:57:03.0406912Z Or undo this operation with:
test	Run actions/checkout@v7	2026-09-27T16:57:03.0407168Z
test	Run actions/checkout@v7	2026-09-27T16:57:03.0407292Z   git switch -
test	Run actions/checkout@v7	2026-09-27T16:57:03.0407508Z
test	Run actions/checkout@v7	2026-09-27T16:57:03.0407807Z Turn off this advice by setting config variable advice.detachedHead to false
test	Run actions/checkout@v7	2026-09-27T16:57:03.0408248Z
test	Run actions/checkout@v7	2026-09-27T16:57:03.0408817Z HEAD is now at f49e371 Merge 228730cf0b538d3ec46d76d2a55914812872ba10 into b2f003a1b1a07934896d04f3a051cf1cf040d56c
test	Run actions/checkout@v7	2026-09-27T16:57:03.0423981Z ##[endgroup]
test	Run actions/checkout@v7	2026-09-27T16:57:03.0462908Z [command]/usr/bin/git log -1 --format=%H
test	Run actions/checkout@v7	2026-09-27T16:57:03.0484600Z f49e371e032f86d210078c3f9fcc8a97f2053256
test	Run actions/setup-node@v7	﻿2026-09-27T16:57:03.0708053Z ##[group]Run actions/setup-node@v7
test	Run actions/setup-node@v7	2026-09-27T16:57:03.0708408Z with:
test	Run actions/setup-node@v7	2026-09-27T16:57:03.0708767Z   node-version: 24
test	Run actions/setup-node@v7	2026-09-27T16:57:03.0709014Z   cache: npm
test	Run actions/setup-node@v7	2026-09-27T16:57:03.0709269Z   check-latest: false
test	Run actions/setup-node@v7	2026-09-27T16:57:03.0711556Z   token: ***
test	Run actions/setup-node@v7	2026-09-27T16:57:03.0711834Z   package-manager-cache: true
test	Run actions/setup-node@v7	2026-09-27T16:57:03.0712109Z ##[endgroup]
test	Run actions/setup-node@v7	2026-09-27T16:57:03.1774856Z Found in cache @ /opt/hostedtoolcache/node/24.21.0/x64
test	Run actions/setup-node@v7	2026-09-27T16:57:03.1776731Z ##[group]Environment details
test	Run actions/setup-node@v7	2026-09-27T16:57:08.5087342Z node: v24.21.0
test	Run actions/setup-node@v7	2026-09-27T16:57:08.5087856Z npm: 11.19.0
test	Run actions/setup-node@v7	2026-09-27T16:57:08.5088228Z yarn: 1.22.22
test	Run actions/setup-node@v7	2026-09-27T16:57:08.5089489Z ##[endgroup]
test	Run actions/setup-node@v7	2026-09-27T16:57:08.5105036Z [command]/opt/hostedtoolcache/node/24.21.0/x64/bin/npm config get cache
test	Run actions/setup-node@v7	2026-09-27T16:57:09.0571734Z /home/runner/.npm
test	Run actions/setup-node@v7	2026-09-27T16:57:09.2854677Z Cache hit for: node-cache-Linux-x64-npm-59209070ff87812b602880ec89b35c1d3cd80a0fb4827d1c81fb15d1f64e0035
test	Run actions/setup-node@v7	2026-09-27T16:57:10.4679216Z Received 134217728 of 176872154 (75.9%), 123.2 MBs/sec
test	Run actions/setup-node@v7	2026-09-27T16:57:10.6934357Z Received 176872154 of 176872154 (100.0%), 133.3 MBs/sec
test	Run actions/setup-node@v7	2026-09-27T16:57:10.6935169Z Cache Size: ~169 MB (176872154 B)
test	Run actions/setup-node@v7	2026-09-27T16:57:10.6976557Z [command]/usr/bin/tar -xf /home/runner/work/_temp/096e4f48-b6ce-4416-a0fd-d4ad6954a01f/cache.tzst -P -C /home/runner/work/Agat/Agat --use-compress-program unzstd
test	Run actions/setup-node@v7	2026-09-27T16:57:10.8624765Z Cache restored successfully
test	Run actions/setup-node@v7	2026-09-27T16:57:10.8692131Z Cache restored from key: node-cache-Linux-x64-npm-59209070ff87812b602880ec89b35c1d3cd80a0fb4827d1c81fb15d1f64e0035
test	Run actions/setup-python@v7	﻿2026-09-27T16:57:10.8840048Z ##[group]Run actions/setup-python@v7
test	Run actions/setup-python@v7	2026-09-27T16:57:10.8840413Z with:
test	Run actions/setup-python@v7	2026-09-27T16:57:10.8840701Z   python-version: 3.13
test	Run actions/setup-python@v7	2026-09-27T16:57:10.8840953Z   check-latest: false
test	Run actions/setup-python@v7	2026-09-27T16:57:10.8843333Z   token: ***
test	Run actions/setup-python@v7	2026-09-27T16:57:10.8843565Z   update-environment: true
test	Run actions/setup-python@v7	2026-09-27T16:57:10.8843824Z   allow-prereleases: false
test	Run actions/setup-python@v7	2026-09-27T16:57:10.8844086Z   freethreaded: false
test	Run actions/setup-python@v7	2026-09-27T16:57:10.8844406Z ##[endgroup]
test	Run actions/setup-python@v7	2026-09-27T16:57:10.9702688Z ##[group]Installed versions
test	Run actions/setup-python@v7	2026-09-27T16:57:11.0971420Z Successfully set up CPython (3.13.15)
test	Run actions/setup-python@v7	2026-09-27T16:57:11.0972524Z ##[endgroup]
test	Run npm ci	﻿2026-09-27T16:57:11.1102596Z ##[group]Run npm ci
test	Run npm ci	2026-09-27T16:57:11.1102906Z ^[[36;1mnpm ci^[[0m
test	Run npm ci	2026-09-27T16:57:11.1599352Z shell: /usr/bin/bash -e {0}
test	Run npm ci	2026-09-27T16:57:11.1599675Z env:
test	Run npm ci	2026-09-27T16:57:11.1600020Z   pythonLocation: /opt/hostedtoolcache/Python/3.13.15/x64
test	Run npm ci	2026-09-27T16:57:11.1600409Z   PKG_CONFIG_PATH: /opt/hostedtoolcache/Python/3.13.15/x64/lib/pkgconfig
test	Run npm ci	2026-09-27T16:57:11.1600796Z   Python_ROOT_DIR: /opt/hostedtoolcache/Python/3.13.15/x64
test	Run npm ci	2026-09-27T16:57:11.1601172Z   Python2_ROOT_DIR: /opt/hostedtoolcache/Python/3.13.15/x64
test	Run npm ci	2026-09-27T16:57:11.1601551Z   Python3_ROOT_DIR: /opt/hostedtoolcache/Python/3.13.15/x64
test	Run npm ci	2026-09-27T16:57:11.1601910Z   LD_LIBRARY_PATH: /opt/hostedtoolcache/Python/3.13.15/x64/lib
test	Run npm ci	2026-09-27T16:57:11.1602229Z ##[endgroup]
test	Run npm ci	2026-09-27T16:57:21.8612764Z
test	Run npm ci	2026-09-27T16:57:21.8613860Z added 289 packages, and audited 293 packages in 11s
test	Run npm ci	2026-09-27T16:57:21.8614135Z
test	Run npm ci	2026-09-27T16:57:21.8614388Z 58 packages are looking for funding
test	Run npm ci	2026-09-27T16:57:21.8614821Z   run `npm fund` for details
test	Run npm ci	2026-09-27T16:57:21.8621653Z
test	Run npm ci	2026-09-27T16:57:21.8622423Z found 0 vulnerabilities
test	Run npm ci	2026-09-27T16:57:21.8631652Z npm warn install-scripts 3 packages have install scripts not yet covered by allowScripts:
test	Run npm ci	2026-09-27T16:57:21.8632592Z npm warn install-scripts   protobufjs@7.6.6 (postinstall: node scripts/postinstall)
test	Run npm ci	2026-09-27T16:57:21.8633493Z npm warn install-scripts   @swc/core@1.15.47 (postinstall: node postinstall.js)
test	Run npm ci	2026-09-27T16:57:21.8634112Z npm warn install-scripts   esbuild@0.28.2 (postinstall: node install.js)
test	Run npm ci	2026-09-27T16:57:21.8634689Z npm warn install-scripts
test	Run npm ci	2026-09-27T16:57:21.8635416Z npm warn install-scripts Run `npm install-scripts ls` to review, or `npm install-scripts approve <pkg>` to allow.
test	Run python -m pip install --requirement workers/requirements.txt	﻿2026-09-27T16:57:21.9034353Z ##[group]Run python -m pip install --requirement workers/requirements.txt
test	Run python -m pip install --requirement workers/requirements.txt	2026-09-27T16:57:21.9034804Z ^[[36;1mpython -m pip install --requirement workers/requirements.txt^[[0m
test	Run python -m pip install --requirement workers/requirements.txt	2026-09-27T16:57:21.9069014Z shell: /usr/bin/bash -e {0}
test	Run python -m pip install --requirement workers/requirements.txt	2026-09-27T16:57:21.9069350Z env:
test	Run python -m pip install --requirement workers/requirements.txt	2026-09-27T16:57:21.9069644Z   pythonLocation: /opt/hostedtoolcache/Python/3.13.15/x64
test	Run python -m pip install --requirement workers/requirements.txt	2026-09-27T16:57:21.9070064Z   PKG_CONFIG_PATH: /opt/hostedtoolcache/Python/3.13.15/x64/lib/pkgconfig
test	Run python -m pip install --requirement workers/requirements.txt	2026-09-27T16:57:21.9070433Z   Python_ROOT_DIR: /opt/hostedtoolcache/Python/3.13.15/x64
test	Run python -m pip install --requirement workers/requirements.txt	2026-09-27T16:57:21.9070761Z   Python2_ROOT_DIR: /opt/hostedtoolcache/Python/3.13.15/x64
test	Run python -m pip install --requirement workers/requirements.txt	2026-09-27T16:57:21.9071137Z   Python3_ROOT_DIR: /opt/hostedtoolcache/Python/3.13.15/x64
test	Run python -m pip install --requirement workers/requirements.txt	2026-09-27T16:57:21.9071482Z   LD_LIBRARY_PATH: /opt/hostedtoolcache/Python/3.13.15/x64/lib
test	Run python -m pip install --requirement workers/requirements.txt	2026-09-27T16:57:21.9071790Z ##[endgroup]
test	Run python -m pip install --requirement workers/requirements.txt	2026-09-27T16:57:31.8488062Z Collecting langgraph==1.2.11 (from -r workers/requirements.txt (line 1))
test	Run python -m pip install --requirement workers/requirements.txt	2026-09-27T16:57:31.9291457Z   Downloading langgraph-1.2.11-py3-none-any.whl.metadata (4.9 kB)
test	Run python -m pip install --requirement workers/requirements.txt	2026-09-27T16:57:31.9620117Z Collecting opentelemetry-api==1.44.0 (from -r workers/requirements.txt (line 2))
test	Run python -m pip install --requirement workers/requirements.txt	2026-09-27T16:57:31.9771989Z   Downloading opentelemetry_api-1.44.0-py3-none-any.whl.metadata (1.4 kB)
test	Run python -m pip install --requirement workers/requirements.txt	2026-09-27T16:57:32.0019993Z Collecting opentelemetry-sdk==1.44.0 (from -r workers/requirements.txt (line 3))
test	Run python -m pip install --requirement workers/requirements.txt	2026-09-27T16:57:32.0171410Z   Downloading opentelemetry_sdk-1.44.0-py3-none-any.whl.metadata (1.6 kB)
test	Run python -m pip install --requirement workers/requirements.txt	2026-09-27T16:57:32.0727449Z Collecting opentelemetry-exporter-otlp-proto-http==1.44.0 (from -r workers/requirements.txt (line 4))
test	Run python -m pip install --requirement workers/requirements.txt	2026-09-27T16:57:32.0879143Z   Downloading opentelemetry_exporter_otlp_proto_http-1.44.0-py3-none-any.whl.metadata (2.4 kB)
test	Run python -m pip install --requirement workers/requirements.txt	2026-09-27T16:57:32.1443546Z Collecting langchain-core<2,>=1.4.7 (from langgraph==1.2.11->-r workers/requirements.txt (line 1))
test	Run python -m pip install --requirement workers/requirements.txt	2026-09-27T16:57:32.1596033Z   Downloading langchain_core-1.6.5-py3-none-any.whl.metadata (4.8 kB)
test	Run python -m pip install --requirement workers/requirements.txt	2026-09-27T16:57:32.1840924Z Collecting langgraph-checkpoint<5.0.0,>=4.1.0 (from langgraph==1.2.11->-r workers/requirements.txt (line 1))
test	Run python -m pip install --requirement workers/requirements.txt	2026-09-27T16:57:32.1990236Z   Downloading langgraph_checkpoint-4.2.0-py3-none-any.whl.metadata (6.7 kB)
test	Run python -m pip install --requirement workers/requirements.txt	2026-09-27T16:57:32.2532860Z Collecting langgraph-prebuilt<1.2.0,>=1.1.0 (from langgraph==1.2.11->-r workers/requirements.txt (line 1))
test	Run python -m pip install --requirement workers/requirements.txt	2026-09-27T16:57:32.2684006Z   Downloading langgraph_prebuilt-1.1.0-py3-none-any.whl.metadata (5.2 kB)
test	Run python -m pip install --requirement workers/requirements.txt	2026-09-27T16:57:32.2939934Z Collecting langgraph-sdk<0.5.0,>=0.4.2 (from langgraph==1.2.11->-r workers/requirements.txt (line 1))
test	Run python -m pip install --requirement workers/requirements.txt	2026-09-27T16:57:32.3089564Z   Downloading langgraph_sdk-0.4.5-py3-none-any.whl.metadata (5.1 kB)
test	Run python -m pip install --requirement workers/requirements.txt	2026-09-27T16:57:32.4175367Z Collecting pydantic>=2.7.4 (from langgraph==1.2.11->-r workers/requirements.txt (line 1))
test	Run python -m pip install --requirement workers/requirements.txt	2026-09-27T16:57:32.4328691Z   Downloading pydantic-2.13.5-py3-none-any.whl.metadata (110 kB)
test	Run python -m pip install --requirement workers/requirements.txt	2026-09-27T16:57:32.5670654Z Collecting xxhash>=3.5.0 (from langgraph==1.2.11->-r workers/requirements.txt (line 1))
test	Run python -m pip install --requirement workers/requirements.txt	2026-09-27T16:57:32.5831706Z   Downloading xxhash-4.0.1-cp313-cp313-manylinux2014_x86_64.manylinux_2_17_x86_64.manylinux_2_28_x86_64.whl.metadata (17 kB)
test	Run python -m pip install --requirement workers/requirements.txt	2026-09-27T16:57:32.6325331Z Collecting typing-extensions>=4.5.0 (from opentelemetry-api==1.44.0->-r workers/requirements.txt (line 2))
test	Run python -m pip install --requirement workers/requirements.txt	2026-09-27T16:57:32.6477694Z   Downloading typing_extensions-4.16.0-py3-none-any.whl.metadata (3.3 kB)
test	Run python -m pip install --requirement workers/requirements.txt	2026-09-27T16:57:32.7402837Z Collecting opentelemetry-semantic-conventions==0.65b0 (from opentelemetry-sdk==1.44.0->-r workers/requirements.txt (line 3))
test	Run python -m pip install --requirement workers/requirements.txt	2026-09-27T16:57:32.7554951Z   Downloading opentelemetry_semantic_conventions-0.65b0-py3-none-any.whl.metadata (2.4 kB)
test	Run python -m pip install --requirement workers/requirements.txt	2026-09-27T16:57:32.7784539Z Collecting googleapis-common-protos~=1.52 (from opentelemetry-exporter-otlp-proto-http==1.44.0->-r workers/requirements.txt (line 4))
test	Run python -m pip install --requirement workers/requirements.txt	2026-09-27T16:57:32.7939293Z   Downloading googleapis_common_protos-1.75.4-py3-none-any.whl.metadata (8.5 kB)
test	Run python -m pip install --requirement workers/requirements.txt	2026-09-27T16:57:32.8628772Z Collecting opentelemetry-exporter-otlp-proto-common==1.44.0 (from opentelemetry-exporter-otlp-proto-http==1.44.0->-r workers/requirements.txt (line 4))
test	Run python -m pip install --requirement workers/requirements.txt	2026-09-27T16:57:32.8780128Z   Downloading opentelemetry_exporter_otlp_proto_common-1.44.0-py3-none-any.whl.metadata (1.8 kB)
test	Run python -m pip install --requirement workers/requirements.txt	2026-09-27T16:57:32.8997427Z Collecting opentelemetry-proto==1.44.0 (from opentelemetry-exporter-otlp-proto-http==1.44.0->-r workers/requirements.txt (line 4))
test	Run python -m pip install --requirement workers/requirements.txt	2026-09-27T16:57:32.9146539Z   Downloading opentelemetry_proto-1.44.0-py3-none-any.whl.metadata (2.3 kB)
test	Run python -m pip install --requirement workers/requirements.txt	2026-09-27T16:57:33.0434900Z Collecting requests~=2.7 (from opentelemetry-exporter-otlp-proto-http==1.44.0->-r workers/requirements.txt (line 4))
test	Run python -m pip install --requirement workers/requirements.txt	2026-09-27T16:57:33.0587915Z   Downloading requests-2.34.2-py3-none-any.whl.metadata (4.8 kB)
test	Run python -m pip install --requirement workers/requirements.txt	2026-09-27T16:57:33.1747864Z Collecting protobuf<8.0,>=5.0 (from opentelemetry-proto==1.44.0->opentelemetry-exporter-otlp-proto-http==1.44.0->-r workers/requirements.txt (line 4))
test	Run python -m pip install --requirement workers/requirements.txt	2026-09-27T16:57:33.1901874Z   Downloading protobuf-7.36.2-cp310-abi3-manylinux2014_x86_64.whl.metadata (595 bytes)
test	Run python -m pip install --requirement workers/requirements.txt	2026-09-27T16:57:33.2145597Z Collecting httpx<1.0.0,>=0.23.0 (from langchain-core<2,>=1.4.7->langgraph==1.2.11->-r workers/requirements.txt (line 1))
test	Run python -m pip install --requirement workers/requirements.txt	2026-09-27T16:57:33.2295500Z   Downloading httpx-0.28.1-py3-none-any.whl.metadata (7.1 kB)
test	Run python -m pip install --requirement workers/requirements.txt	2026-09-27T16:57:33.2493262Z Collecting jsonpatch<2.0.0,>=1.33.0 (from langchain-core<2,>=1.4.7->langgraph==1.2.11->-r workers/requirements.txt (line 1))
test	Run python -m pip install --requirement workers/requirements.txt	2026-09-27T16:57:33.2654284Z   Downloading jsonpatch-1.33-py2.py3-none-any.whl.metadata (3.0 kB)
test	Run python -m pip install --requirement workers/requirements.txt	2026-09-27T16:57:33.2838445Z Collecting langchain-protocol>=0.0.17 (from langchain-core<2,>=1.4.7->langgraph==1.2.11->-r workers/requirements.txt (line 1))
test	Run python -m pip install --requirement workers/requirements.txt	2026-09-27T16:57:33.2990033Z   Downloading langchain_protocol-0.0.19-py3-none-any.whl.metadata (2.4 kB)
test	Run python -m pip install --requirement workers/requirements.txt	2026-09-27T16:57:33.3665151Z Collecting langsmith<1.0.0,>=0.3.45 (from langchain-core<2,>=1.4.7->langgraph==1.2.11->-r workers/requirements.txt (line 1))
test	Run python -m pip install --requirement workers/requirements.txt	2026-09-27T16:57:33.3820394Z   Downloading langsmith-0.14.1-py3-none-any.whl.metadata (22 kB)
test	Run python -m pip install --requirement workers/requirements.txt	2026-09-27T16:57:33.4062135Z Collecting packaging>=23.2.0 (from langchain-core<2,>=1.4.7->langgraph==1.2.11->-r workers/requirements.txt (line 1))
test	Run python -m pip install --requirement workers/requirements.txt	2026-09-27T16:57:33.4215763Z   Downloading packaging-26.3-py3-none-any.whl.metadata (3.5 kB)
test	Run python -m pip install --requirement workers/requirements.txt	2026-09-27T16:57:33.5915005Z Collecting pyyaml<7.0.0,>=5.3.0 (from langchain-core<2,>=1.4.7->langgraph==1.2.11->-r workers/requirements.txt (line 1))
test	Run python -m pip install --requirement workers/requirements.txt	2026-09-27T16:57:33.6066747Z   Downloading pyyaml-6.0.3-cp313-cp313-manylinux2014_x86_64.manylinux_2_17_x86_64.manylinux_2_28_x86_64.whl.metadata (2.4 kB)
test	Run python -m pip install --requirement workers/requirements.txt	2026-09-27T16:57:33.6623327Z Collecting tenacity!=8.4.0,<10.0.0,>=8.1.0 (from langchain-core<2,>=1.4.7->langgraph==1.2.11->-r workers/requirements.txt (line 1))
test	Run python -m pip install --requirement workers/requirements.txt	2026-09-27T16:57:33.6772547Z   Downloading tenacity-9.1.4-py3-none-any.whl.metadata (1.2 kB)
test	Run python -m pip install --requirement workers/requirements.txt	2026-09-27T16:57:33.7797075Z Collecting uuid-utils<1.0,>=0.12.0 (from langchain-core<2,>=1.4.7->langgraph==1.2.11->-r workers/requirements.txt (line 1))
test	Run python -m pip install --requirement workers/requirements.txt	2026-09-27T16:57:33.7958467Z   Downloading uuid_utils-0.17.1-cp313-cp313-manylinux_2_17_x86_64.manylinux2014_x86_64.whl.metadata (6.4 kB)
test	Run python -m pip install --requirement workers/requirements.txt	2026-09-27T16:57:33.8182731Z Collecting anyio (from httpx<1.0.0,>=0.23.0->langchain-core<2,>=1.4.7->langgraph==1.2.11->-r workers/requirements.txt (line 1))
test	Run python -m pip install --requirement workers/requirements.txt	2026-09-27T16:57:33.8428650Z   Downloading anyio-4.15.1-py3-none-any.whl.metadata (4.7 kB)
test	Run python -m pip install --requirement workers/requirements.txt	2026-09-27T16:57:33.8654774Z Collecting certifi (from httpx<1.0.0,>=0.23.0->langchain-core<2,>=1.4.7->langgraph==1.2.11->-r workers/requirements.txt (line 1))
test	Run python -m pip install --requirement workers/requirements.txt	2026-09-27T16:57:33.8802572Z   Downloading certifi-2026.7.22-py3-none-any.whl.metadata (2.5 kB)
test	Run python -m pip install --requirement workers/requirements.txt	2026-09-27T16:57:33.9118353Z Collecting httpcore==1.* (from httpx<1.0.0,>=0.23.0->langchain-core<2,>=1.4.7->langgraph==1.2.11->-r workers/requirements.txt (line 1))
test	Run python -m pip install --requirement workers/requirements.txt	2026-09-27T16:57:33.9268383Z   Downloading httpcore-1.0.9-py3-none-any.whl.metadata (21 kB)
test	Run python -m pip install --requirement workers/requirements.txt	2026-09-27T16:57:33.9482181Z Collecting idna (from httpx<1.0.0,>=0.23.0->langchain-core<2,>=1.4.7->langgraph==1.2.11->-r workers/requirements.txt (line 1))
test	Run python -m pip install --requirement workers/requirements.txt	2026-09-27T16:57:33.9631464Z   Downloading idna-3.20-py3-none-any.whl.metadata (7.2 kB)
test	Run python -m pip install --requirement workers/requirements.txt	2026-09-27T16:57:34.0035948Z Collecting h11>=0.16 (from httpcore==1.*->httpx<1.0.0,>=0.23.0->langchain-core<2,>=1.4.7->langgraph==1.2.11->-r workers/requirements.txt (line 1))
test	Run python -m pip install --requirement workers/requirements.txt	2026-09-27T16:57:34.0184591Z   Downloading h11-0.16.0-py3-none-any.whl.metadata (8.3 kB)
test	Run python -m pip install --requirement workers/requirements.txt	2026-09-27T16:57:34.0378779Z Collecting jsonpointer>=1.9 (from jsonpatch<2.0.0,>=1.33.0->langchain-core<2,>=1.4.7->langgraph==1.2.11->-r workers/requirements.txt (line 1))
test	Run python -m pip install --requirement workers/requirements.txt	2026-09-27T16:57:34.0527441Z   Downloading jsonpointer-3.1.1-py3-none-any.whl.metadata (2.4 kB)
test	Run python -m pip install --requirement workers/requirements.txt	2026-09-27T16:57:34.0953242Z Collecting ormsgpack>=1.12.0 (from langgraph-checkpoint<5.0.0,>=4.1.0->langgraph==1.2.11->-r workers/requirements.txt (line 1))
test	Run python -m pip install --requirement workers/requirements.txt	2026-09-27T16:57:34.1118719Z   Downloading ormsgpack-1.12.2-cp313-cp313-manylinux_2_17_x86_64.manylinux2014_x86_64.whl.metadata (3.2 kB)
test	Run python -m pip install --requirement workers/requirements.txt	2026-09-27T16:57:34.3597581Z Collecting orjson>=3.11.5 (from langgraph-sdk<0.5.0,>=0.4.2->langgraph==1.2.11->-r workers/requirements.txt (line 1))
test	Run python -m pip install --requirement workers/requirements.txt	2026-09-27T16:57:34.3778911Z   Downloading orjson-3.12.0-cp313-cp313-manylinux_2_17_x86_64.manylinux2014_x86_64.whl.metadata (41 kB)
test	Run python -m pip install --requirement workers/requirements.txt	2026-09-27T16:57:34.6085484Z Collecting websockets<17,>=14 (from langgraph-sdk<0.5.0,>=0.4.2->langgraph==1.2.11->-r workers/requirements.txt (line 1))
test	Run python -m pip install --requirement workers/requirements.txt	2026-09-27T16:57:34.6239048Z   Downloading websockets-16.1.1-cp313-cp313-manylinux1_x86_64.manylinux_2_28_x86_64.manylinux_2_5_x86_64.whl.metadata (6.8 kB)
test	Run python -m pip install --requirement workers/requirements.txt	2026-09-27T16:57:34.6440918Z Collecting distro>=1.7.0 (from langsmith<1.0.0,>=0.3.45->langchain-core<2,>=1.4.7->langgraph==1.2.11->-r workers/requirements.txt (line 1))
test	Run python -m pip install --requirement workers/requirements.txt	2026-09-27T16:57:34.6591288Z   Downloading distro-1.9.0-py3-none-any.whl.metadata (6.8 kB)
test	Run python -m pip install --requirement workers/requirements.txt	2026-09-27T16:57:34.7271467Z Collecting httpx2<3,>=2 (from langsmith<1.0.0,>=0.3.45->langchain-core<2,>=1.4.7->langgraph==1.2.11->-r workers/requirements.txt (line 1))
test	Run python -m pip install --requirement workers/requirements.txt	2026-09-27T16:57:34.7426717Z   Downloading httpx2-2.13.1-py3-none-any.whl.metadata (9.8 kB)
test	Run python -m pip install --requirement workers/requirements.txt	2026-09-27T16:57:34.9238611Z Collecting requests-toolbelt>=1.0.0 (from langsmith<1.0.0,>=0.3.45->langchain-core<2,>=1.4.7->langgraph==1.2.11->-r workers/requirements.txt (line 1))
test	Run python -m pip install --requirement workers/requirements.txt	2026-09-27T16:57:34.9410978Z   Downloading requests_toolbelt-1.0.0-py2.py3-none-any.whl.metadata (14 kB)
test	Run python -m pip install --requirement workers/requirements.txt	2026-09-27T16:57:34.9701847Z Collecting sniffio>=1.1 (from langsmith<1.0.0,>=0.3.45->langchain-core<2,>=1.4.7->langgraph==1.2.11->-r workers/requirements.txt (line 1))
test	Run python -m pip install --requirement workers/requirements.txt	2026-09-27T16:57:34.9851342Z   Downloading sniffio-1.3.1-py3-none-any.whl.metadata (3.9 kB)
test	Run python -m pip install --requirement workers/requirements.txt	2026-09-27T16:57:35.0371080Z Collecting zstandard>=0.23.0 (from langsmith<1.0.0,>=0.3.45->langchain-core<2,>=1.4.7->langgraph==1.2.11->-r workers/requirements.txt (line 1))
test	Run python -m pip install --requirement workers/requirements.txt	2026-09-27T16:57:35.0550600Z   Downloading zstandard-0.25.0-cp313-cp313-manylinux2014_x86_64.manylinux_2_17_x86_64.whl.metadata (3.3 kB)
test	Run python -m pip install --requirement workers/requirements.txt	2026-09-27T16:57:35.1423776Z Collecting httpcore2==2.13.1 (from httpx2<3,>=2->langsmith<1.0.0,>=0.3.45->langchain-core<2,>=1.4.7->langgraph==1.2.11->-r workers/requirements.txt (line 1))
test	Run python -m pip install --requirement workers/requirements.txt	2026-09-27T16:57:35.1575027Z   Downloading httpcore2-2.13.1-py3-none-any.whl.metadata (26 kB)
test	Run python -m pip install --requirement workers/requirements.txt	2026-09-27T16:57:35.1781282Z Collecting truststore>=0.10 (from httpx2<3,>=2->langsmith<1.0.0,>=0.3.45->langchain-core<2,>=1.4.7->langgraph==1.2.11->-r workers/requirements.txt (line 1))
test	Run python -m pip install --requirement workers/requirements.txt	2026-09-27T16:57:35.1931165Z   Downloading truststore-0.10.4-py3-none-any.whl.metadata (4.4 kB)
test	Run python -m pip install --requirement workers/requirements.txt	2026-09-27T16:57:35.2194470Z Collecting annotated-types>=0.6.0 (from pydantic>=2.7.4->langgraph==1.2.11->-r workers/requirements.txt (line 1))
test	Run python -m pip install --requirement workers/requirements.txt	2026-09-27T16:57:35.2344475Z   Downloading annotated_types-0.8.0-py3-none-any.whl.metadata (15 kB)
test	Run python -m pip install --requirement workers/requirements.txt	2026-09-27T16:57:35.7048747Z Collecting pydantic-core==2.46.5 (from pydantic>=2.7.4->langgraph==1.2.11->-r workers/requirements.txt (line 1))
test	Run python -m pip install --requirement workers/requirements.txt	2026-09-27T16:57:35.7201530Z   Downloading pydantic_core-2.46.5-cp313-cp313-manylinux_2_17_x86_64.manylinux2014_x86_64.whl.metadata (6.6 kB)
test	Run python -m pip install --requirement workers/requirements.txt	2026-09-27T16:57:35.7453756Z Collecting typing-inspection>=0.4.2 (from pydantic>=2.7.4->langgraph==1.2.11->-r workers/requirements.txt (line 1))
test	Run python -m pip install --requirement workers/requirements.txt	2026-09-27T16:57:35.7607068Z   Downloading typing_inspection-0.4.4-py3-none-any.whl.metadata (2.6 kB)
test	Run python -m pip install --requirement workers/requirements.txt	2026-09-27T16:57:35.8640217Z Collecting charset_normalizer<4,>=2 (from requests~=2.7->opentelemetry-exporter-otlp-proto-http==1.44.0->-r workers/requirements.txt (line 4))
test	Run python -m pip install --requirement workers/requirements.txt	2026-09-27T16:57:35.8792610Z   Downloading charset_normalizer-3.5.1-cp313-cp313-manylinux2014_x86_64.manylinux_2_17_x86_64.manylinux_2_28_x86_64.whl.metadata (45 kB)
test	Run python -m pip install --requirement workers/requirements.txt	2026-09-27T16:57:36.0816781Z Collecting urllib3<3,>=1.26 (from requests~=2.7->opentelemetry-exporter-otlp-proto-http==1.44.0->-r workers/requirements.txt (line 4))
test	Run python -m pip install --requirement workers/requirements.txt	2026-09-27T16:57:36.0966681Z   Downloading urllib3-2.8.0-py3-none-any.whl.metadata (7.4 kB)
test	Run python -m pip install --requirement workers/requirements.txt	2026-09-27T16:57:36.1283615Z Downloading langgraph-1.2.11-py3-none-any.whl (248 kB)
test	Run python -m pip install --requirement workers/requirements.txt	2026-09-27T16:57:36.2083628Z Downloading opentelemetry_api-1.44.0-py3-none-any.whl (60 kB)
test	Run python -m pip install --requirement workers/requirements.txt	2026-09-27T16:57:36.2264116Z Downloading opentelemetry_sdk-1.44.0-py3-none-any.whl (137 kB)
test	Run python -m pip install --requirement workers/requirements.txt	2026-09-27T16:57:36.2466166Z Downloading opentelemetry_exporter_otlp_proto_http-1.44.0-py3-none-any.whl (21 kB)
test	Run python -m pip install --requirement workers/requirements.txt	2026-09-27T16:57:36.2666808Z Downloading opentelemetry_exporter_otlp_proto_common-1.44.0-py3-none-any.whl (17 kB)
test	Run python -m pip install --requirement workers/requirements.txt	2026-09-27T16:57:36.2833328Z Downloading opentelemetry_proto-1.44.0-py3-none-any.whl (72 kB)
test	Run python -m pip install --requirement workers/requirements.txt	2026-09-27T16:57:36.3005980Z Downloading opentelemetry_semantic_conventions-0.65b0-py3-none-any.whl (204 kB)
test	Run python -m pip install --requirement workers/requirements.txt	2026-09-27T16:57:36.3212607Z Downloading googleapis_common_protos-1.75.4-py3-none-any.whl (307 kB)
test	Run python -m pip install --requirement workers/requirements.txt	2026-09-27T16:57:36.3534601Z Downloading langchain_core-1.6.5-py3-none-any.whl (572 kB)
test	Run python -m pip install --requirement workers/requirements.txt	2026-09-27T16:57:36.4001974Z    ━━━━━━━━━━━━━━━━━━━━━━━━━━━━━━━━━━━━━━━━ 572.1/572.1 kB 7.3 MB/s  0:00:00
test	Run python -m pip install --requirement workers/requirements.txt	2026-09-27T16:57:36.4153831Z Downloading httpx-0.28.1-py3-none-any.whl (73 kB)
test	Run python -m pip install --requirement workers/requirements.txt	2026-09-27T16:57:36.4324415Z Downloading httpcore-1.0.9-py3-none-any.whl (78 kB)
test	Run python -m pip install --requirement workers/requirements.txt	2026-09-27T16:57:36.4504013Z Downloading jsonpatch-1.33-py2.py3-none-any.whl (12 kB)
test	Run python -m pip install --requirement workers/requirements.txt	2026-09-27T16:57:36.4669219Z Downloading langgraph_checkpoint-4.2.0-py3-none-any.whl (56 kB)
test	Run python -m pip install --requirement workers/requirements.txt	2026-09-27T16:57:36.4977856Z Downloading langgraph_prebuilt-1.1.0-py3-none-any.whl (41 kB)
test	Run python -m pip install --requirement workers/requirements.txt	2026-09-27T16:57:36.6571610Z Downloading langgraph_sdk-0.4.5-py3-none-any.whl (162 kB)
test	Run python -m pip install --requirement workers/requirements.txt	2026-09-27T16:57:36.6869592Z Downloading langsmith-0.14.1-py3-none-any.whl (812 kB)
test	Run python -m pip install --requirement workers/requirements.txt	2026-09-27T16:57:36.6951998Z    ━━━━━━━━━━━━━━━━━━━━━━━━━━━━━━━━━━━━━━━━ 812.1/812.1 kB 93.4 MB/s  0:00:00
test	Run python -m pip install --requirement workers/requirements.txt	2026-09-27T16:57:36.7106423Z Downloading httpx2-2.13.1-py3-none-any.whl (95 kB)
test	Run python -m pip install --requirement workers/requirements.txt	2026-09-27T16:57:36.7277441Z Downloading httpcore2-2.13.1-py3-none-any.whl (83 kB)
test	Run python -m pip install --requirement workers/requirements.txt	2026-09-27T16:57:36.7449462Z Downloading protobuf-7.36.2-cp310-abi3-manylinux2014_x86_64.whl (343 kB)
test	Run python -m pip install --requirement workers/requirements.txt	2026-09-27T16:57:36.7628861Z Downloading pydantic-2.13.5-py3-none-any.whl (472 kB)
test	Run python -m pip install --requirement workers/requirements.txt	2026-09-27T16:57:36.8973657Z Downloading pydantic_core-2.46.5-cp313-cp313-manylinux_2_17_x86_64.manylinux2014_x86_64.whl (2.1 MB)
test	Run python -m pip install --requirement workers/requirements.txt	2026-09-27T16:57:37.1404160Z    ━━━━━━━━━━━━━━━━━━━━━━━━━━━━━━━━━━━━━━━━ 2.1/2.1 MB 7.5 MB/s  0:00:00
test	Run python -m pip install --requirement workers/requirements.txt	2026-09-27T16:57:37.1563752Z Downloading pyyaml-6.0.3-cp313-cp313-manylinux2014_x86_64.manylinux_2_17_x86_64.manylinux_2_28_x86_64.whl (801 kB)
test	Run python -m pip install --requirement workers/requirements.txt	2026-09-27T16:57:37.1746763Z    ━━━━━━━━━━━━━━━━━━━━━━━━━━━━━━━━━━━━━━━━ 801.6/801.6 kB 33.2 MB/s  0:00:00
test	Run python -m pip install --requirement workers/requirements.txt	2026-09-27T16:57:37.1901047Z Downloading requests-2.34.2-py3-none-any.whl (73 kB)
test	Run python -m pip install --requirement workers/requirements.txt	2026-09-27T16:57:37.2071369Z Downloading charset_normalizer-3.5.1-cp313-cp313-manylinux2014_x86_64.manylinux_2_17_x86_64.manylinux_2_28_x86_64.whl (250 kB)
test	Run python -m pip install --requirement workers/requirements.txt	2026-09-27T16:57:37.2249575Z Downloading idna-3.20-py3-none-any.whl (69 kB)
test	Run python -m pip install --requirement workers/requirements.txt	2026-09-27T16:57:37.2515567Z Downloading tenacity-9.1.4-py3-none-any.whl (28 kB)
test	Run python -m pip install --requirement workers/requirements.txt	2026-09-27T16:57:37.2681384Z Downloading typing_extensions-4.16.0-py3-none-any.whl (45 kB)
test	Run python -m pip install --requirement workers/requirements.txt	2026-09-27T16:57:37.2959371Z Downloading urllib3-2.8.0-py3-none-any.whl (135 kB)
test	Run python -m pip install --requirement workers/requirements.txt	2026-09-27T16:57:37.3232876Z Downloading uuid_utils-0.17.1-cp313-cp313-manylinux_2_17_x86_64.manylinux2014_x86_64.whl (323 kB)
test	Run python -m pip install --requirement workers/requirements.txt	2026-09-27T16:57:37.3408799Z Downloading websockets-16.1.1-cp313-cp313-manylinux1_x86_64.manylinux_2_28_x86_64.manylinux_2_5_x86_64.whl (187 kB)
test	Run python -m pip install --requirement workers/requirements.txt	2026-09-27T16:57:37.3579689Z Downloading annotated_types-0.8.0-py3-none-any.whl (13 kB)
test	Run python -m pip install --requirement workers/requirements.txt	2026-09-27T16:57:37.3794283Z Downloading anyio-4.15.1-py3-none-any.whl (132 kB)
test	Run python -m pip install --requirement workers/requirements.txt	2026-09-27T16:57:37.5494973Z Downloading certifi-2026.7.22-py3-none-any.whl (136 kB)
test	Run python -m pip install --requirement workers/requirements.txt	2026-09-27T16:57:37.6682644Z Downloading distro-1.9.0-py3-none-any.whl (20 kB)
test	Run python -m pip install --requirement workers/requirements.txt	2026-09-27T16:57:37.6853676Z Downloading h11-0.16.0-py3-none-any.whl (37 kB)
test	Run python -m pip install --requirement workers/requirements.txt	2026-09-27T16:57:37.7300630Z Downloading jsonpointer-3.1.1-py3-none-any.whl (7.7 kB)
test	Run python -m pip install --requirement workers/requirements.txt	2026-09-27T16:57:37.7473651Z Downloading langchain_protocol-0.0.19-py3-none-any.whl (7.3 kB)
test	Run python -m pip install --requirement workers/requirements.txt	2026-09-27T16:57:37.8164619Z Downloading orjson-3.12.0-cp313-cp313-manylinux_2_17_x86_64.manylinux2014_x86_64.whl (131 kB)
test	Run python -m pip install --requirement workers/requirements.txt	2026-09-27T16:57:37.8364183Z Downloading ormsgpack-1.12.2-cp313-cp313-manylinux_2_17_x86_64.manylinux2014_x86_64.whl (212 kB)
test	Run python -m pip install --requirement workers/requirements.txt	2026-09-27T16:57:38.4234932Z Downloading packaging-26.3-py3-none-any.whl (129 kB)
test	Run python -m pip install --requirement workers/requirements.txt	2026-09-27T16:57:38.4412184Z Downloading requests_toolbelt-1.0.0-py2.py3-none-any.whl (54 kB)
test	Run python -m pip install --requirement workers/requirements.txt	2026-09-27T16:57:38.4585397Z Downloading sniffio-1.3.1-py3-none-any.whl (10 kB)
test	Run python -m pip install --requirement workers/requirements.txt	2026-09-27T16:57:38.5573556Z Downloading truststore-0.10.4-py3-none-any.whl (18 kB)
test	Run python -m pip install --requirement workers/requirements.txt	2026-09-27T16:57:38.5744617Z Downloading typing_inspection-0.4.4-py3-none-any.whl (14 kB)
test	Run python -m pip install --requirement workers/requirements.txt	2026-09-27T16:57:38.5912764Z Downloading xxhash-4.0.1-cp313-cp313-manylinux2014_x86_64.manylinux_2_17_x86_64.manylinux_2_28_x86_64.whl (268 kB)
test	Run python -m pip install --requirement workers/requirements.txt	2026-09-27T16:57:38.6572777Z Downloading zstandard-0.25.0-cp313-cp313-manylinux2014_x86_64.manylinux_2_17_x86_64.whl (5.5 MB)
test	Run python -m pip install --requirement workers/requirements.txt	2026-09-27T16:57:38.7238808Z    ━━━━━━━━━━━━━━━━━━━━━━━━━━━━━━━━━━━━━━━━ 5.5/5.5 MB 82.5 MB/s  0:00:00
test	Run python -m pip install --requirement workers/requirements.txt	2026-09-27T16:57:39.1728737Z Installing collected packages: zstandard, xxhash, websockets, uuid-utils, urllib3, typing-extensions, truststore, tenacity, sniffio, pyyaml, protobuf, packaging, ormsgpack, orjson, jsonpointer, idna, h11, distro, charset_normalizer, certifi, annotated-types, typing-inspection, requests, pydantic-core, opentelemetry-proto, opentelemetry-api, langchain-protocol, jsonpatch, httpcore2, httpcore, googleapis-common-protos, anyio, requests-toolbelt, pydantic, opentelemetry-semantic-conventions, opentelemetry-exporter-otlp-proto-common, httpx2, httpx, opentelemetry-sdk, langsmith, opentelemetry-exporter-otlp-proto-http, langchain-core, langgraph-sdk, langgraph-checkpoint, langgraph-prebuilt, langgraph
test	Run python -m pip install --requirement workers/requirements.txt	2026-09-27T16:57:42.5310845Z
test	Run python -m pip install --requirement workers/requirements.txt	2026-09-27T16:57:42.5342798Z Successfully installed annotated-types-0.8.0 anyio-4.15.1 certifi-2026.7.22 charset_normalizer-3.5.1 distro-1.9.0 googleapis-common-protos-1.75.4 h11-0.16.0 httpcore-1.0.9 httpcore2-2.13.1 httpx-0.28.1 httpx2-2.13.1 idna-3.20 jsonpatch-1.33 jsonpointer-3.1.1 langchain-core-1.6.5 langchain-protocol-0.0.19 langgraph-1.2.11 langgraph-checkpoint-4.2.0 langgraph-prebuilt-1.1.0 langgraph-sdk-0.4.5 langsmith-0.14.1 opentelemetry-api-1.44.0 opentelemetry-exporter-otlp-proto-common-1.44.0 opentelemetry-exporter-otlp-proto-http-1.44.0 opentelemetry-proto-1.44.0 opentelemetry-sdk-1.44.0 opentelemetry-semantic-conventions-0.65b0 orjson-3.12.0 ormsgpack-1.12.2 packaging-26.3 protobuf-7.36.2 pydantic-2.13.5 pydantic-core-2.46.5 pyyaml-6.0.3 requests-2.34.2 requests-toolbelt-1.0.0 sniffio-1.3.1 tenacity-9.1.4 truststore-0.10.4 typing-extensions-4.16.0 typing-inspection-0.4.4 urllib3-2.8.0 uuid-utils-0.17.1 websockets-16.1.1 xxhash-4.0.1 zstandard-0.25.0
test	Run npm run typecheck	﻿2026-09-27T16:57:42.6594718Z ##[group]Run npm run typecheck
test	Run npm run typecheck	2026-09-27T16:57:42.6595213Z ^[[36;1mnpm run typecheck^[[0m
test	Run npm run typecheck	2026-09-27T16:57:42.6633515Z shell: /usr/bin/bash -e {0}
test	Run npm run typecheck	2026-09-27T16:57:42.6633831Z env:
test	Run npm run typecheck	2026-09-27T16:57:42.6634094Z   pythonLocation: /opt/hostedtoolcache/Python/3.13.15/x64
test	Run npm run typecheck	2026-09-27T16:57:42.6634499Z   PKG_CONFIG_PATH: /opt/hostedtoolcache/Python/3.13.15/x64/lib/pkgconfig
test	Run npm run typecheck	2026-09-27T16:57:42.6634873Z   Python_ROOT_DIR: /opt/hostedtoolcache/Python/3.13.15/x64
test	Run npm run typecheck	2026-09-27T16:57:42.6635240Z   Python2_ROOT_DIR: /opt/hostedtoolcache/Python/3.13.15/x64
test	Run npm run typecheck	2026-09-27T16:57:42.6635561Z   Python3_ROOT_DIR: /opt/hostedtoolcache/Python/3.13.15/x64
test	Run npm run typecheck	2026-09-27T16:57:42.6636108Z   LD_LIBRARY_PATH: /opt/hostedtoolcache/Python/3.13.15/x64/lib
test	Run npm run typecheck	2026-09-27T16:57:42.6636430Z ##[endgroup]
test	Run npm run typecheck	2026-09-27T16:57:42.7427667Z
test	Run npm run typecheck	2026-09-27T16:57:42.7428249Z > agat-platform@1.7.0 typecheck
test	Run npm run typecheck	2026-09-27T16:57:42.7428920Z > npm run typecheck --workspace @agat/coordinator && npm run typecheck --workspace @agat/web && npm run typecheck --workspace @agat/temporal-worker
test	Run npm run typecheck	2026-09-27T16:57:42.7429744Z
test	Run npm run typecheck	2026-09-27T16:57:42.8229132Z
test	Run npm run typecheck	2026-09-27T16:57:42.8229928Z > @agat/coordinator@1.7.0 typecheck
test	Run npm run typecheck	2026-09-27T16:57:42.8230444Z > tsc -p tsconfig.json --noEmit
test	Run npm run typecheck	2026-09-27T16:57:42.8230623Z
test	Run npm run typecheck	2026-09-27T16:57:43.4010824Z
test	Run npm run typecheck	2026-09-27T16:57:43.4011810Z > @agat/web@1.7.0 typecheck
test	Run npm run typecheck	2026-09-27T16:57:43.4012661Z > tsc --noEmit -p tsconfig.app.json --pretty false && tsc --noEmit -p tsconfig.node.json --pretty false
test	Run npm run typecheck	2026-09-27T16:57:43.4013133Z
test	Run npm run typecheck	2026-09-27T16:57:44.0466911Z
test	Run npm run typecheck	2026-09-27T16:57:44.0468367Z > @agat/temporal-worker@1.7.0 typecheck
test	Run npm run typecheck	2026-09-27T16:57:44.0469247Z > tsc -p tsconfig.json --noEmit
test	Run npm run typecheck	2026-09-27T16:57:44.0469607Z
test	Documentation links, catalog and checker tests	﻿2026-09-27T16:57:44.3543393Z ##[group]Run npm run docs:check
test	Documentation links, catalog and checker tests	2026-09-27T16:57:44.3543751Z ^[[36;1mnpm run docs:check^[[0m
test	Documentation links, catalog and checker tests	2026-09-27T16:57:44.3578542Z shell: /usr/bin/bash -e {0}
test	Documentation links, catalog and checker tests	2026-09-27T16:57:44.3578938Z env:
test	Documentation links, catalog and checker tests	2026-09-27T16:57:44.3579220Z   pythonLocation: /opt/hostedtoolcache/Python/3.13.15/x64
test	Documentation links, catalog and checker tests	2026-09-27T16:57:44.3579688Z   PKG_CONFIG_PATH: /opt/hostedtoolcache/Python/3.13.15/x64/lib/pkgconfig
test	Documentation links, catalog and checker tests	2026-09-27T16:57:44.3580089Z   Python_ROOT_DIR: /opt/hostedtoolcache/Python/3.13.15/x64
test	Documentation links, catalog and checker tests	2026-09-27T16:57:44.3580421Z   Python2_ROOT_DIR: /opt/hostedtoolcache/Python/3.13.15/x64
test	Documentation links, catalog and checker tests	2026-09-27T16:57:44.3580807Z   Python3_ROOT_DIR: /opt/hostedtoolcache/Python/3.13.15/x64
test	Documentation links, catalog and checker tests	2026-09-27T16:57:44.3581146Z   LD_LIBRARY_PATH: /opt/hostedtoolcache/Python/3.13.15/x64/lib
test	Documentation links, catalog and checker tests	2026-09-27T16:57:44.3581470Z ##[endgroup]
test	Documentation links, catalog and checker tests	2026-09-27T16:57:44.5464066Z
test	Documentation links, catalog and checker tests	2026-09-27T16:57:44.5464873Z > agat-platform@1.7.0 docs:check
test	Documentation links, catalog and checker tests	2026-09-27T16:57:44.5465910Z > node --test scripts/test/*.test.mjs && python3 -m unittest discover -s scripts/test -p "test_*.py" && npm run docs:links:check && npm run docs:processes:check
test	Documentation links, catalog and checker tests	2026-09-27T16:57:44.5466436Z
test	Documentation links, catalog and checker tests	2026-09-27T16:57:44.6876382Z ✔ checks Markdown reference links, images, escaped spaces and fragments (6.509767ms)
test	Documentation links, catalog and checker tests	2026-09-27T16:57:44.6880674Z ✔ ignores fenced code, inline code and external links (1.068917ms)
test	Documentation links, catalog and checker tests	2026-09-27T16:57:44.6891528Z ✔ reports missing files and case differences on all platforms (0.97066ms)
test	Documentation links, catalog and checker tests	2026-09-27T16:57:44.6892513Z ✔ rejects links outside the checkout while allowing repository-root links (0.84401ms)
test	Documentation links, catalog and checker tests	2026-09-27T16:57:44.6893433Z ✔ does not accept a generated local file absent from the repository (0.680762ms)
test	Documentation links, catalog and checker tests	2026-09-27T16:57:50.4213983Z ✔ qualification accepts only explicit loopback addresses, without credentials or redirects (1.123796ms)
test	Documentation links, catalog and checker tests	2026-09-27T16:57:50.4215048Z ✔ model identity requires installed digest, Qwen3 architecture and local capability (0.509776ms)
test	Documentation links, catalog and checker tests	2026-09-27T16:57:50.4216060Z ✔ ingestion fails for changed content, missing or incompatible embeddings (1.767433ms)
test	Documentation links, catalog and checker tests	2026-09-27T16:57:50.4217001Z ✔ citations must resolve to both ingested sources on each real model stage (2.324406ms)
test	Documentation links, catalog and checker tests	2026-09-27T16:57:50.4217777Z ✔ synthetic rubric rejects wrong numbers, percentage-point confusion and absent limitations (1.584724ms)
test	Documentation links, catalog and checker tests	2026-09-27T16:57:50.4218589Z ✔ history evidence excludes payloads, secrets, failures and host identities (0.635772ms)
test	Documentation links, catalog and checker tests	2026-09-27T16:57:50.4219396Z ✔ absent infrastructure is a nonzero FAIL with evidence, never skip or PASS (5749.325054ms)
test	Documentation links, catalog and checker tests	2026-09-27T16:57:50.4272671Z ℹ tests 12
test	Documentation links, catalog and checker tests	2026-09-27T16:57:50.4273122Z ℹ suites 0
test	Documentation links, catalog and checker tests	2026-09-27T16:57:50.4273539Z ℹ pass 12
test	Documentation links, catalog and checker tests	2026-09-27T16:57:50.4273779Z ℹ fail 0
test	Documentation links, catalog and checker tests	2026-09-27T16:57:50.4273979Z ℹ cancelled 0
test	Documentation links, catalog and checker tests	2026-09-27T16:57:50.4274278Z ℹ skipped 0
test	Documentation links, catalog and checker tests	2026-09-27T16:57:50.4274500Z ℹ todo 0
test	Documentation links, catalog and checker tests	2026-09-27T16:57:50.4274787Z ℹ duration_ms 5845.328738
test	Documentation links, catalog and checker tests	2026-09-27T16:58:05.4027397Z ................................................................................................................................................................................
test	Documentation links, catalog and checker tests	2026-09-27T16:58:05.4028778Z ----------------------------------------------------------------------
test	Documentation links, catalog and checker tests	2026-09-27T16:58:05.4029728Z Ran 176 tests in 11.596s
test	Documentation links, catalog and checker tests	2026-09-27T16:58:05.4030045Z
test	Documentation links, catalog and checker tests	2026-09-27T16:58:05.4030222Z OK
test	Documentation links, catalog and checker tests	2026-09-27T16:58:05.4893314Z
test	Documentation links, catalog and checker tests	2026-09-27T16:58:05.4894112Z > agat-platform@1.7.0 docs:links:check
test	Documentation links, catalog and checker tests	2026-09-27T16:58:05.4894547Z > node scripts/check-doc-links.mjs
test	Documentation links, catalog and checker tests	2026-09-27T16:58:05.4894943Z
test	Documentation links, catalog and checker tests	2026-09-27T16:58:05.8829962Z Checked 1561 local link targets in 188 Markdown files (including filename case).
test	Documentation links, catalog and checker tests	2026-09-27T16:58:05.8830723Z External URLs, fragment anchors and raw HTML are outside this check.
test	Documentation links, catalog and checker tests	2026-09-27T16:58:05.9569478Z
test	Documentation links, catalog and checker tests	2026-09-27T16:58:05.9570287Z > agat-platform@1.7.0 docs:processes:check
test	Documentation links, catalog and checker tests	2026-09-27T16:58:05.9570766Z > node --import tsx scripts/export-process-catalog.ts --check
test	Documentation links, catalog and checker tests	2026-09-27T16:58:05.9571005Z
test	Documentation links, catalog and checker tests	2026-09-27T16:58:06.1412627Z Проверено: 7 категорий, 13 шаблонов; catalog.md, catalog.json.
test	Unit and Temporal history replay tests	﻿2026-09-27T16:58:06.1678265Z ##[group]Run npm test
test	Unit and Temporal history replay tests	2026-09-27T16:58:06.1678591Z ^[[36;1mnpm test^[[0m
test	Unit and Temporal history replay tests	2026-09-27T16:58:06.1722361Z shell: /usr/bin/bash -e {0}
test	Unit and Temporal history replay tests	2026-09-27T16:58:06.1722863Z env:
test	Unit and Temporal history replay tests	2026-09-27T16:58:06.1723233Z   pythonLocation: /opt/hostedtoolcache/Python/3.13.15/x64
test	Unit and Temporal history replay tests	2026-09-27T16:58:06.1723740Z   PKG_CONFIG_PATH: /opt/hostedtoolcache/Python/3.13.15/x64/lib/pkgconfig
test	Unit and Temporal history replay tests	2026-09-27T16:58:06.1724229Z   Python_ROOT_DIR: /opt/hostedtoolcache/Python/3.13.15/x64
test	Unit and Temporal history replay tests	2026-09-27T16:58:06.1724740Z   Python2_ROOT_DIR: /opt/hostedtoolcache/Python/3.13.15/x64
test	Unit and Temporal history replay tests	2026-09-27T16:58:06.1725224Z   Python3_ROOT_DIR: /opt/hostedtoolcache/Python/3.13.15/x64
test	Unit and Temporal history replay tests	2026-09-27T16:58:06.1725906Z   LD_LIBRARY_PATH: /opt/hostedtoolcache/Python/3.13.15/x64/lib
test	Unit and Temporal history replay tests	2026-09-27T16:58:06.1726602Z ##[endgroup]
test	Unit and Temporal history replay tests	2026-09-27T16:58:06.2526223Z
test	Unit and Temporal history replay tests	2026-09-27T16:58:06.2526934Z > agat-platform@1.7.0 test
test	Unit and Temporal history replay tests	2026-09-27T16:58:06.2527628Z > npm run test:coordinator && npm run test:web && npm run test:worker && npm run test:decision && npm run test:temporal && npm run test:process-pack
test	Unit and Temporal history replay tests	2026-09-27T16:58:06.2528167Z
test	Unit and Temporal history replay tests	2026-09-27T16:58:06.3212310Z
test	Unit and Temporal history replay tests	2026-09-27T16:58:06.3213225Z > agat-platform@1.7.0 test:coordinator
test	Unit and Temporal history replay tests	2026-09-27T16:58:06.3213670Z > npm run test --workspace @agat/coordinator
test	Unit and Temporal history replay tests	2026-09-27T16:58:06.3213879Z
test	Unit and Temporal history replay tests	2026-09-27T16:58:06.4079152Z
test	Unit and Temporal history replay tests	2026-09-27T16:58:06.4079871Z > @agat/coordinator@1.7.0 test
test	Unit and Temporal history replay tests	2026-09-27T16:58:06.4080278Z > node --import tsx --test test/*.test.ts
test	Unit and Temporal history replay tests	2026-09-27T16:58:06.4080540Z
test	Unit and Temporal history replay tests	2026-09-27T16:58:08.2082276Z ▶ A2A 1.4 interoperability
test	Unit and Temporal history replay tests	2026-09-27T16:58:08.2083694Z   ✔ persists bounded inline files and publishes binary worker artifacts without URL dereference (406.461965ms)
test	Unit and Temporal history replay tests	2026-09-27T16:58:08.2084795Z   ✔ keeps push credentials encrypted and advances a durable retry outbox by task state (52.417105ms)
test	Unit and Temporal history replay tests	2026-09-27T16:58:08.2086015Z   ✔ stores outbound peer secrets project-scoped and mirrors only redacted task metadata (44.905782ms)
test	Unit and Temporal history replay tests	2026-09-27T16:58:08.3078787Z   ✔ discovers a loopback peer and exchanges the caller token without persisting it (22.592825ms)
test	Unit and Temporal history replay tests	2026-09-27T16:58:08.3090370Z   ✔ rejects private and IPv4-mapped IPv6 targets while normalizing bracketed loopback (1.289571ms)
test	Unit and Temporal history replay tests	2026-09-27T16:58:08.3092002Z   ✔ rejects malformed peer states, server messages and artifacts before persistence (0.805616ms)
test	Unit and Temporal history replay tests	2026-09-27T16:58:08.3092774Z   ✔ advertises opt-in streaming, push and file modes in the Agent Card (33.343087ms)
test	Unit and Temporal history replay tests	2026-09-27T16:58:08.3829498Z   ✔ reserves delegated OAuth and isolated MCP executable profiles for admins (96.308658ms)
test	Unit and Temporal history replay tests	2026-09-27T16:58:08.8945992Z   ✔ exercises dashboard outbound discovery/invoke and authenticated push delivery over HTTP+JSON (540.607997ms)
test	Unit and Temporal history replay tests	2026-09-27T16:58:08.8946699Z ✔ A2A 1.4 interoperability (1200.634497ms)
test	Unit and Temporal history replay tests	2026-09-27T16:58:09.4539737Z ▶ A2A adapter
test	Unit and Temporal history replay tests	2026-09-27T16:58:09.4546248Z   ✔ ends event streams before store closure and stops their delayed reads (1604.237167ms)
test	Unit and Temporal history replay tests	2026-09-27T16:58:09.4547568Z   ✔ publishes a minimal 1.0 Agent Card without internal prompts, tools or memory (38.030858ms)
test	Unit and Temporal history replay tests	2026-09-27T16:58:09.4548716Z   ✔ accepts only declared inline text or JSON and rejects files, follow-ups and push config (1.028255ms)
test	Unit and Temporal history replay tests	2026-09-27T16:58:09.4549937Z   ✔ maps a task to the scheduler, preserves idempotency and inherits W3C trace context (45.678021ms)
test	Unit and Temporal history replay tests	2026-09-27T16:58:09.4550909Z   ✔ hashes and rotates endpoint tokens and keeps endpoints project-scoped (31.752581ms)
test	Unit and Temporal history replay tests	2026-09-27T16:58:09.4551943Z   ✔ exposes approval as AUTH_REQUIRED, enforces active-task limits and supports cancellation and cursors (33.18199ms)
test	Unit and Temporal history replay tests	2026-09-27T16:58:09.7268045Z   ✔ serves the HTTP+JSON 1.0 contract with scoped bearer authentication (304.596427ms)
test	Unit and Temporal history replay tests	2026-09-27T16:58:09.7272053Z ✔ A2A adapter (2060.629938ms)
test	Unit and Temporal history replay tests	2026-09-27T16:58:09.7478118Z ✔ approve допускает комментарий, но не сохраняет rejection reason (1.554708ms)
test	Unit and Temporal history replay tests	2026-09-27T16:58:09.7478827Z ✔ reject требует непустую причину и ограничивает длину (0.5635ms)
test	Unit and Temporal history replay tests	2026-09-27T16:58:09.7479452Z ✔ MCP deadline следует bounded TTL, stage не получает вымышленный срок (0.456466ms)
test	Unit and Temporal history replay tests	2026-09-27T16:58:09.7480174Z ✔ audit payload сохраняет actor, note и только redacted snapshot (0.712332ms)
test	Unit and Temporal history replay tests	2026-09-27T16:58:09.7481038Z ✔ финальный MCP approve отражает нового approver в resolved snapshot (0.277372ms)
test	Unit and Temporal history replay tests	2026-09-27T16:58:09.7481520Z ﹣ S3-compatible Artifact Store integration (0.488535ms) # SKIP
test	Unit and Temporal history replay tests	2026-09-27T16:58:09.7481866Z ▶ OIDC authentication
test	Unit and Temporal history replay tests	2026-09-27T16:58:09.7482300Z   ✔ verifies Keycloak RS256 claims, merges roles and caches JWKS (25.081222ms)
test	Unit and Temporal history replay tests	2026-09-27T16:58:09.7482771Z   ✔ rejects expired, wrong-client and tampered tokens (2.040913ms)
test	Unit and Temporal history replay tests	2026-09-27T16:58:09.7483202Z   ✔ requires an AGAT role (0.87547ms)
test	Unit and Temporal history replay tests	2026-09-27T16:58:09.7483518Z ✔ OIDC authentication (28.867659ms)
test	Unit and Temporal history replay tests	2026-09-27T16:58:09.7483786Z ▶ project isolation
test	Unit and Temporal history replay tests	2026-09-27T16:58:09.7484267Z   ✔ keeps agents, processes, runs, credentials and events inside the active project (42.380956ms)
test	Unit and Temporal history replay tests	2026-09-27T16:58:09.7484755Z ✔ project isolation (42.521237ms)
test	Unit and Temporal history replay tests	2026-09-27T16:58:21.7431526Z ✔ workflow workload limits and explicit loopback URLs are enforced before workers (22.45576ms)
test	Unit and Temporal history replay tests	2026-09-27T16:58:21.7433221Z ✔ real worker completes three stages with primary outputs preserved through observed shadow HTTP (13007.132773ms)
test	Unit and Temporal history replay tests	2026-09-27T16:58:21.7643183Z ✔ citation aliases are bound to earlier/current stages of the same trace and reject changed provenance (3.96485ms)
test	Unit and Temporal history replay tests	2026-09-27T16:58:21.7644779Z ✔ RAG rejects cloud identities, source truncation and invalid vectors before claiming retrieval (1.994334ms)
test	Unit and Temporal history replay tests	2026-09-27T16:58:21.7646344Z ✖ real workers index both documents, retrieve every stage and preserve primary outputs with shadow (7062.585951ms)
test	Unit and Temporal history replay tests	2026-09-27T16:58:21.7647500Z ✔ disabled shadow is a read-only notice and cannot block or qualify the primary scenario (46.350694ms)
test	Unit and Temporal history replay tests	2026-09-27T16:58:21.7648588Z ✔ readiness uses the same Choice/Boolean/Score capability contract as actual leases (359.437794ms)
test	Unit and Temporal history replay tests	2026-09-27T16:58:21.7649623Z ✔ partial capability is explicit; shadow does not steer dispatch away from the primary worker (32.04652ms)
test	Unit and Temporal history replay tests	2026-09-27T16:58:21.7650656Z ✔ ineligible and stale capable workers cannot make shadow readiness look available (136.670929ms)
test	Unit and Temporal history replay tests	2026-09-27T16:58:21.7651786Z ✔ model-router selection controls which capability is relevant without changing the primary route (38.150045ms)
test	Unit and Temporal history replay tests	2026-09-27T16:58:21.7652802Z ✔ no free worker remains queueable; shadow adds advice, never a new blocker (34.126643ms)
test	Unit and Temporal history replay tests	2026-09-27T16:58:21.7653797Z ✔ notices follow the published pin, include nested steps and do not leak across projects (33.059448ms)
test	Unit and Temporal history replay tests	2026-09-27T16:58:21.7654905Z ✔ observer forwards exact body/profile/opt-in and does not cancel after a completed body or response (113.813322ms)
test	Unit and Temporal history replay tests	2026-09-27T16:58:21.7656270Z ✔ an opted-in caller disconnect closes the pending upstream and is recorded as client cancellation (343.254967ms)
test	Unit and Temporal history replay tests	2026-09-27T16:58:21.7657433Z ✔ legacy callers without opt-in may disconnect while the upstream computation completes (53.209083ms)
test	Unit and Temporal history replay tests	2026-09-27T16:58:21.7658487Z ✔ owner cancellation closes upstream independently of peer opt-in (12.672554ms)
test	Unit and Temporal history replay tests	2026-09-27T16:58:21.7659405Z ✔ busy status is preserved and the response byte bound is enforced while reading (11.23866ms)
test	Unit and Temporal history replay tests	2026-09-27T16:58:21.7660256Z ▶ native edge enrollment and credential lifecycle
test	Unit and Temporal history replay tests	2026-09-27T16:58:21.7660933Z   ✔ consumes a bound challenge once and protects an attested name from shared-token takeover (32.74003ms)
test	Unit and Temporal history replay tests	2026-09-27T16:58:21.7661677Z   ✔ blocks scheduling immediately, limits the pending token to control, and revokes it after wipe ack (31.326337ms)
test	Unit and Temporal history replay tests	2026-09-27T16:58:21.7662412Z ✔ native edge enrollment and credential lifecycle (64.778391ms)
test	Unit and Temporal history replay tests	2026-09-27T16:58:21.7663106Z ▶ edge attestation boundary
test	Unit and Temporal history replay tests	2026-09-27T16:58:21.7663640Z   ✔ accepts only a fresh broker verdict bound to challenge, app and hardware policy (3.314717ms)
test	Unit and Temporal history replay tests	2026-09-27T16:58:21.7664251Z   ✔ exposes the wipe command only to the attested node control channel (75.487069ms)
test	Unit and Temporal history replay tests	2026-09-27T16:58:21.7664813Z ✔ edge attestation boundary (79.207813ms)
test	Unit and Temporal history replay tests	2026-09-27T16:58:21.7665415Z ✔ embedding renew rejects an invalid lease (before request) without changing the index (35.172471ms)
test	Unit and Temporal history replay tests	2026-09-27T16:58:21.7666595Z ℹ renew/before request: accepted=false, job=running, document=indexing
test	Unit and Temporal history replay tests	2026-09-27T16:58:21.7673800Z ✔ embedding renew rejects an invalid lease (invalid expiry) without changing the index (28.172293ms)
test	Unit and Temporal history replay tests	2026-09-27T16:58:21.7685498Z ℹ renew/invalid expiry: accepted=false, job=running, document=indexing
test	Unit and Temporal history replay tests	2026-09-27T16:58:21.7686500Z ✔ embedding complete rejects an invalid lease (before request) without changing the index (26.971144ms)
test	Unit and Temporal history replay tests	2026-09-27T16:58:21.7687355Z ℹ complete/before request: accepted=false, job=running, document=indexing
test	Unit and Temporal history replay tests	2026-09-27T16:58:21.7688153Z ✔ embedding complete rejects an invalid lease (invalid expiry) without changing the index (27.186553ms)
test	Unit and Temporal history replay tests	2026-09-27T16:58:21.7689008Z ℹ complete/invalid expiry: accepted=false, job=running, document=indexing
test	Unit and Temporal history replay tests	2026-09-27T16:58:21.7690036Z ✔ embedding complete rejects an invalid lease (during job read) without changing the index (27.555085ms)
test	Unit and Temporal history replay tests	2026-09-27T16:58:21.7690729Z ℹ complete/during job read: accepted=false, job=running, document=indexing
test	Unit and Temporal history replay tests	2026-09-27T16:58:21.7691322Z ✔ embedding fail rejects an invalid lease (before request) without changing the index (27.562513ms)
test	Unit and Temporal history replay tests	2026-09-27T16:58:21.7691932Z ℹ fail/before request: accepted=false, job=running, document=indexing
test	Unit and Temporal history replay tests	2026-09-27T16:58:21.7692610Z ✔ embedding fail rejects an invalid lease (invalid expiry) without changing the index (26.957761ms)
test	Unit and Temporal history replay tests	2026-09-27T16:58:21.7693252Z ℹ fail/invalid expiry: accepted=false, job=running, document=indexing
test	Unit and Temporal history replay tests	2026-09-27T16:58:21.7693934Z ✔ embedding fail rejects an invalid lease (during job read) without changing the index (27.930458ms)
test	Unit and Temporal history replay tests	2026-09-27T16:58:21.7694586Z ℹ fail/during job read: accepted=false, job=running, document=indexing
test	Unit and Temporal history replay tests	2026-09-27T16:58:21.7695307Z ✔ embedding complete rolls back its index and event if persistence outlasts the lease (27.34576ms)
test	Unit and Temporal history replay tests	2026-09-27T16:58:21.7696273Z ✔ embedding fail rolls back its index and event if persistence outlasts the lease (26.101295ms)
test	Unit and Temporal history replay tests	2026-09-27T16:58:21.7697081Z ✔ embedding maintenance rolls back retry if the document update fails (26.354263ms)
test	Unit and Temporal history replay tests	2026-09-27T16:58:21.7697869Z ✔ embedding maintenance rolls back terminal failure if the document update fails (25.458379ms)
test	Unit and Temporal history replay tests	2026-09-27T16:58:21.7698938Z ▶ golden eval and prompt registry
test	Unit and Temporal history replay tests	2026-09-27T16:58:21.7699723Z   ✔ pins a prompt version across a batch and promotes prompt/model only after a passing gate (62.000681ms)
test	Unit and Temporal history replay tests	2026-09-27T16:58:21.7700500Z   ✔ keeps human rubric reviews append-only and uses the latest human score (42.42853ms)
test	Unit and Temporal history replay tests	2026-09-27T16:58:21.7701293Z   ✔ runs an optional local model judge and audits its parsed score (38.234557ms)
test	Unit and Temporal history replay tests	2026-09-27T16:58:21.7701991Z   ✔ detects knowledge drift instead of silently running a stale golden dataset (31.653853ms)
test	Unit and Temporal history replay tests	2026-09-27T16:58:21.7702766Z   ✔ keeps prompt registries, datasets and experiment details project-scoped (27.716597ms)
test	Unit and Temporal history replay tests	2026-09-27T16:58:21.7703455Z ✔ golden eval and prompt registry (203.365595ms)
test	Unit and Temporal history replay tests	2026-09-27T16:58:21.7704031Z ﹣ PostgreSQL Fleet/HA integration (0.36803ms) # SKIP
test	Unit and Temporal history replay tests	2026-09-27T16:58:21.7704534Z ▶ Fleet and HA policy
test	Unit and Temporal history replay tests	2026-09-27T16:58:21.7705148Z   ✔ enforces regional queue quotas and exports redacted audit events (30.238953ms)
test	Unit and Temporal history replay tests	2026-09-27T16:58:21.7706806Z   ✔ verifies Ed25519 releases, stages a rollout and fail-closes revoked workers (44.046021ms)
test	Unit and Temporal history replay tests	2026-09-27T16:58:21.7707785Z   ✔ rejects one key reused across release, provenance and runtime trust boundaries (0.886957ms)
test	Unit and Temporal history replay tests	2026-09-27T16:58:21.7708647Z   ✔ binds OCI provenance to a fresh runtime-attested workload and rejects replay (32.461706ms)
test	Unit and Temporal history replay tests	2026-09-27T16:58:21.7709694Z   ✔ dead-letters poison SIEM events, preserves redaction and requires controlled replay (34.378158ms)
test	Unit and Temporal history replay tests	2026-09-27T16:58:21.7710383Z ✔ Fleet and HA policy (143.03187ms)
test	Unit and Temporal history replay tests	2026-09-27T16:58:21.7711183Z ✔ knowledge HTTP uploads and previews DOCX, persists parse errors, authorizes reindex and isolates files/sources (436.268685ms)
test	Unit and Temporal history replay tests	2026-09-27T16:58:24.4351194Z ✔ PDF extraction retains physical page numbers, DOCX paragraphs, tables and Unicode (3728.820242ms)
test	Unit and Temporal history replay tests	2026-09-27T16:58:24.4356737Z ✔ parser rejects corrupt, empty and oversized documents and XML entities (2037.449685ms)
test	Unit and Temporal history replay tests	2026-09-27T16:58:24.4358052Z ✔ upload, failed parse, preview, reindex leases and project boundaries persist correctly (2803.23711ms)
test	Unit and Temporal history replay tests	2026-09-27T16:58:26.0567716Z ✔ retrieval and reports preserve auditable page/fragment snapshots through reindex and deletion (1631.164661ms)
test	Unit and Temporal history replay tests	2026-09-27T16:58:27.0454536Z ✔ process result artifacts contain sources and failed embedding jobs can be restarted (249.222261ms)
test	Unit and Temporal history replay tests	2026-09-27T16:58:27.0457015Z ✔ existing text-only SQLite databases migrate without losing document content (773.027334ms)
test	Unit and Temporal history replay tests	2026-09-27T16:58:27.0833590Z ✔ shared ranker keeps stable unrounded topK and sends only selected metadata (1.24944ms)
test	Unit and Temporal history replay tests	2026-09-27T16:58:27.0834661Z ✔ shared ranker validates late candidates outside topK and closes the input iterator on failure (0.453975ms)
test	Unit and Temporal history replay tests	2026-09-27T16:58:27.0835446Z ✔ invalid ranker options fail before opening a cursor (0.188647ms)
test	Unit and Temporal history replay tests	2026-09-27T16:58:27.0836693Z ✔ full candidate boundary preserves an old exact match, rejects truncation across collections, and rolls back multi-query search (886.471934ms)
test	Unit and Temporal history replay tests	2026-09-27T16:58:27.0837638Z ✔ topK ranks close cosine scores before display rounding (30.209714ms)
test	Unit and Temporal history replay tests	2026-09-27T16:58:27.0838427Z ✔ bounded topK retains both ends of a monotonic vector sequence across queries (33.574269ms)
test	Unit and Temporal history replay tests	2026-09-27T16:58:27.0839211Z ✔ topK preserves a float64 winner when float32 conversion would collapse the candidate pool (34.898017ms)
test	Unit and Temporal history replay tests	2026-09-27T16:58:27.0840019Z ✔ expired retrieval leases fail before maintenance and stay invalid after reassignment (40.406416ms)
test	Unit and Temporal history replay tests	2026-09-27T16:58:27.0840950Z ✔ SQLite rechecks lease expiry after consuming candidates and rolls back before storing sources (30.585618ms)
test	Unit and Temporal history replay tests	2026-09-27T16:58:27.0841962Z ✔ SQLite rolls back retrieval and its event when the lease expires during event persistence (30.715463ms)
test	Unit and Temporal history replay tests	2026-09-27T16:58:27.0843094Z ✔ wrong retrieval model or query dimensions fail explicitly without a success trace, and a corrected query succeeds (31.502365ms)
test	Unit and Temporal history replay tests	2026-09-27T16:58:27.0844154Z ✔ every selected collection is validated and one incompatible query rolls the whole retrieval back (30.108342ms)
test	Unit and Temporal history replay tests	2026-09-27T16:58:27.0844846Z ✔ a selected empty optional collection remains a valid empty search, but not for the wrong model (26.328774ms)
test	Unit and Temporal history replay tests	2026-09-27T16:58:27.0845838Z ✔ damaged stored vectors are reported as an index error instead of discarded as missing evidence (28.588447ms)
test	Unit and Temporal history replay tests	2026-09-27T16:58:28.7956828Z ✔ real worker stops before primary/shadow on incompatible or unavailable query embeddings, then recovers with a valid index (9391.548765ms)
test	Unit and Temporal history replay tests	2026-09-27T16:58:28.8237544Z ✔ operator candidate limit is strict, defaults to 5000 and cannot exceed 10000 (4.24807ms)
test	Unit and Temporal history replay tests	2026-09-27T16:58:28.8238975Z ✔ shared scorer accepts its exact hard boundary and rejects the next candidate without truncation (15.939472ms)
test	Unit and Temporal history replay tests	2026-09-27T16:58:28.8240307Z ✔ SQLite uses only the operator budget, preserves an old match above 5000 and records the applied limit (976.182994ms)
test	Unit and Temporal history replay tests	2026-09-27T16:58:28.8241800Z ✔ isolated retrieval is an explicit PostgreSQL opt-in with a reserved pool budget (3.569489ms)
test	Unit and Temporal history replay tests	2026-09-27T16:58:28.8242966Z ✔ retrieval queue and deadline settings reject malformed values and enforce their hard bounds (3.238782ms)
test	Unit and Temporal history replay tests	2026-09-27T16:58:28.8244125Z ✔ coordinator and retrieval pools together fit the already admitted per-role capacity (0.332099ms)
test	Unit and Temporal history replay tests	2026-09-27T16:58:28.8903567Z ✔ isolated HTTP retrieval returns committed provenance and distinct markers for overlapping requests (1261.676954ms)
test	Unit and Temporal history replay tests	2026-09-27T16:58:28.8908140Z ✔ queued retrieval rechecks credentials and expiry, enforces admission, and rolls back a malformed later query (1538.672593ms)
test	Unit and Temporal history replay tests	2026-09-27T16:58:28.8909835Z ✔ executor shutdown finishes its active transaction, rejects queued work and never retries it (1172.013729ms)
test	Unit and Temporal history replay tests	2026-09-27T16:58:30.1061085Z ✔ an active deadline closes admission without replaying queued transactions (1208.094096ms)
test	Unit and Temporal history replay tests	2026-09-27T16:58:31.1131501Z ✔ an executor retains the supplied signed-release policy instead of trusting HTTP admission (1684.455372ms)
test	Unit and Temporal history replay tests	2026-09-27T16:58:31.1445608Z ▶ local knowledge and memory
test	Unit and Temporal history replay tests	2026-09-27T16:58:31.1446491Z   ✔ indexes locally, retrieves with provenance and records an auditable trace (46.72318ms)
test	Unit and Temporal history replay tests	2026-09-27T16:58:31.1447001Z   ✔ enforces project snapshots and embedding dimensions (29.719902ms)
test	Unit and Temporal history replay tests	2026-09-27T16:58:31.1447528Z   ✔ accounts embedding work in the same global scheduler budget (32.948ms)
test	Unit and Temporal history replay tests	2026-09-27T16:58:31.1448254Z   ✔ chunks at readable boundaries and rejects unsafe vectors (0.653227ms)
test	Unit and Temporal history replay tests	2026-09-27T16:58:31.1448916Z ✔ local knowledge and memory (111.235583ms)
test	Unit and Temporal history replay tests	2026-09-27T16:58:31.1449405Z ✔ stage renewal rolls back its UPDATE on expiry (34.700348ms)
test	Unit and Temporal history replay tests	2026-09-27T16:58:31.1449873Z ✔ stage renewal rolls back its UPDATE on storage error (25.987493ms)
test	Unit and Temporal history replay tests	2026-09-27T16:58:31.1450444Z ✔ embedding renewal rolls back its UPDATE on expiry (25.988964ms)
test	Unit and Temporal history replay tests	2026-09-27T16:58:31.1451042Z ✔ embedding renewal rolls back its UPDATE on storage error (24.907137ms)
test	Unit and Temporal history replay tests	2026-09-27T16:58:31.9204647Z ✔ real Python worker carries a pinned decision through lease, loopback inference and coordinator HTTP (3199.421027ms)
test	Unit and Temporal history replay tests	2026-09-27T16:58:32.1282614Z ✔ Python and TypeScript agree on Unicode request identity and Boolean false (36.988662ms)
test	Unit and Temporal history replay tests	2026-09-27T16:58:32.1287234Z ✔ coordinator recomputes abstention and rejects identity, probability, candidate and policy tampering (111.992848ms)
test	Unit and Temporal history replay tests	2026-09-27T16:58:32.1288962Z ✔ isolated inference timeout and unavailable errors stay bound to the lease and preserve primary fallback (42.079103ms)
test	Unit and Temporal history replay tests	2026-09-27T16:58:32.1296070Z ✔ process publication rejects invalid contracts and routing mode (1.621116ms)
test	Unit and Temporal history replay tests	2026-09-27T16:58:32.1298163Z ✔ Score uses the same binary64 fingerprint across Python and JavaScript numeric encodings (217.151541ms)
test	Unit and Temporal history replay tests	2026-09-27T16:58:32.1299388Z ✔ Score validates the weighted mean, numeric zero, abstention and fingerprint version (153.281252ms)
test	Unit and Temporal history replay tests	2026-09-27T16:58:32.1300527Z ✔ legacy runtime profiles and Choice/Boolean input fingerprints remain accepted (42.638915ms)
test	Unit and Temporal history replay tests	2026-09-27T16:58:32.1301629Z ✔ Score requires pinned runtime support, finite unique numeric levels and v2 worker capability (123.404543ms)
test	Unit and Temporal history replay tests	2026-09-27T16:58:32.1302678Z ✔ opt-in shadow stores once, survives retry and preserves primary output, ACL and process replay guard (79.77771ms)
test	Unit and Temporal history replay tests	2026-09-27T16:58:32.1303802Z ✔ feature flag, old workers, malformed responses and missing observations always retain the primary path (176.162224ms)
test	Unit and Temporal history replay tests	2026-09-27T16:58:32.1304810Z ✔ cancelled and expired leases cannot append a shadow result or revive ownership (474.055411ms)
test	Unit and Temporal history replay tests	2026-09-27T16:58:32.1306150Z ✔ shadow rejects lease expiry during stage read and preserves only previously committed observations (57.018326ms)
test	Unit and Temporal history replay tests	2026-09-27T16:58:32.1312028Z ℹ After expiry at stage read: observation=false, events=0
test	Unit and Temporal history replay tests	2026-09-27T16:58:32.1313532Z ✔ shadow rejects lease expiry during event insert and preserves only previously committed observations (41.912216ms)
test	Unit and Temporal history replay tests	2026-09-27T16:58:32.1314359Z ℹ After expiry at event insert: observation=false, events=0
test	Unit and Temporal history replay tests	2026-09-27T16:58:32.1315159Z ✔ shadow rejects lease expiry during idempotent retry and preserves only previously committed observations (37.107926ms)
test	Unit and Temporal history replay tests	2026-09-27T16:58:32.1316133Z ℹ After expiry at idempotent retry: observation=true, events=1
test	Unit and Temporal history replay tests	2026-09-27T16:58:32.1316858Z ✔ shadow never bypasses stage approval (31.308721ms)
test	Unit and Temporal history replay tests	2026-09-27T16:58:32.1325092Z ✔ safe replay reuses the recorded shadow with provenance; live replay starts a new observation (78.517055ms)
test	Unit and Temporal history replay tests	2026-09-27T16:58:32.1326376Z ✔ safe replay does not substitute a recorded observation for a changed upstream output (121.584537ms)
test	Unit and Temporal history replay tests	2026-09-27T16:58:32.1327272Z ✔ a recorded decision survives coordinator restart without recomputation (1017.142873ms)
test	Unit and Temporal history replay tests	2026-09-27T16:58:32.1568157Z ▶ local worker launcher
test	Unit and Temporal history replay tests	2026-09-27T16:58:32.1569297Z   ✔ builds an isolated, non-root worker deployment with a fixed model (0.784242ms)
test	Unit and Temporal history replay tests	2026-09-27T16:58:32.1570555Z   ✔ launches several independent workers and stops or starts the whole pool (2.554486ms)
test	Unit and Temporal history replay tests	2026-09-27T16:58:32.1571519Z   ✔ rejects unsafe model names and excessive local worker counts (0.464396ms)
test	Unit and Temporal history replay tests	2026-09-27T16:58:32.1573557Z ✔ local worker launcher (4.543297ms)
test	Unit and Temporal history replay tests	2026-09-27T16:58:32.1573848Z ▶ MCP policy as code
test	Unit and Temporal history replay tests	2026-09-27T16:58:32.1574264Z   ✔ maps risk labels to tiers and enforces four-eyes despite a legacy allow (1.019602ms)
test	Unit and Temporal history replay tests	2026-09-27T16:58:32.1574882Z   ✔ uses the first matching rule and keeps legacy deny as a hard floor (0.491738ms)
test	Unit and Temporal history replay tests	2026-09-27T16:58:32.1575354Z   ✔ rejects policy code that weakens critical effects below two people (0.285802ms)
test	Unit and Temporal history replay tests	2026-09-27T16:58:32.1576953Z   ✔ builds a redacted before/after preview diff (0.345147ms)
test	Unit and Temporal history replay tests	2026-09-27T16:58:32.1577354Z ✔ MCP policy as code (2.950163ms)
test	Unit and Temporal history replay tests	2026-09-27T16:58:33.2435496Z ▶ MCP gateway and risk policy
test	Unit and Temporal history replay tests	2026-09-27T16:58:33.2447903Z   ✔ migrates legacy MCP calls to risk-tier policy snapshots (638.607688ms)
test	Unit and Temporal history replay tests	2026-09-27T16:58:33.2464822Z   ✔ rejects endpoint secrets and transport-owned credential headers (42.096841ms)
test	Unit and Temporal history replay tests	2026-09-27T16:58:33.2473635Z   ✔ uses the pinned 2026 Streamable HTTP wire contract through the official SDK (82.777788ms)
test	Unit and Temporal history replay tests	2026-09-27T16:58:33.2481360Z   ✔ syncs a deterministic catalog and auto-runs only trusted read tools (58.397323ms)
test	Unit and Temporal history replay tests	2026-09-27T16:58:33.2482553Z   ✔ treats untrusted annotations as unknown and executes only after operator approval (46.988402ms)
test	Unit and Temporal history replay tests	2026-09-27T16:58:33.2486832Z   ✔ rejects an approval without contacting the upstream (38.278939ms)
test	Unit and Temporal history replay tests	2026-09-27T16:58:33.2487818Z   ✔ cancels an orphaned approval and prevents any later operator execution (38.676975ms)
test	Unit and Temporal history replay tests	2026-09-27T16:58:33.2489119Z   ✔ will not complete a lease while an approved MCP call is still executing (42.419688ms)
test	Unit and Temporal history replay tests	2026-09-27T16:58:33.2490219Z   ✔ keeps servers project-scoped and never exposes upstream credentials in a lease (40.90535ms)
test	Unit and Temporal history replay tests	2026-09-27T16:58:33.2491369Z   ✔ disables stage retry after a non-read MCP call with an uncertain side effect (58.577858ms)
test	Unit and Temporal history replay tests	2026-09-27T16:58:33.2492520Z   ✔ requires two distinct identities for destructive side effects and stores a redacted preview diff (59.374465ms)
test	Unit and Temporal history replay tests	2026-09-27T16:58:33.2493666Z   ✔ previews and activates immutable project policy versions with optimistic concurrency (42.72326ms)
test	Unit and Temporal history replay tests	2026-09-27T16:58:33.2521391Z   ✔ central emergency deny rejects pending and stale-lease calls without contacting upstream (41.972062ms)
test	Unit and Temporal history replay tests	2026-09-27T16:58:33.2531300Z   ✔ rechecks emergency deny in the final preflight immediately before the upstream tool call (41.76798ms)
test	Unit and Temporal history replay tests	2026-09-27T16:58:33.2532486Z   ✔ enforces MCP credential scopes at binding and before an upstream call (52.658555ms)
test	Unit and Temporal history replay tests	2026-09-27T16:58:33.2533325Z   ✔ routes an encrypted WASI profile through the same critical four-eyes policy boundary (47.053369ms)
test	Unit and Temporal history replay tests	2026-09-27T16:58:33.2534168Z ✔ MCP gateway and risk policy (1380.772213ms)
test	Unit and Temporal history replay tests	2026-09-27T16:58:33.2803200Z ▶ PostgreSQL connection admission
test	Unit and Temporal history replay tests	2026-09-27T16:58:33.2828081Z   ✔ admits both system and tenant pools with explicit operational headroom (0.467259ms)
test	Unit and Temporal history replay tests	2026-09-27T16:58:33.2837983Z   ✔ rejects aggregate oversubscription even when each individual role limit fits (0.161632ms)
test	Unit and Temporal history replay tests	2026-09-27T16:58:33.2849208Z   ✔ rejects a role CONNECTION LIMIT below replica pool demand (0.129498ms)
test	Unit and Temporal history replay tests	2026-09-27T16:58:33.2855999Z ✔ PostgreSQL connection admission (1.458871ms)
test	Unit and Temporal history replay tests	2026-09-27T16:58:33.2856675Z ▶ managed PostgreSQL resilience contract
test	Unit and Temporal history replay tests	2026-09-27T16:58:33.2857424Z   ✔ keeps the deployed production policy parseable and fail-closed (1.222247ms)
test	Unit and Temporal history replay tests	2026-09-27T16:58:33.2858248Z   ✔ accepts fresh multi-AZ/PITR evidence with distinct SLO approvers (9.799895ms)
test	Unit and Temporal history replay tests	2026-09-27T16:58:33.2859347Z   ✔ fails closed for stale, single-zone and incorrectly approved evidence (0.786033ms)
test	Unit and Temporal history replay tests	2026-09-27T16:58:33.2860066Z   ✔ detects tampering in HMAC-sealed operational evidence (1.166867ms)
test	Unit and Temporal history replay tests	2026-09-27T16:58:33.2861139Z   ✔ evaluates a measured monthly SLO only with fresh passing DR reports (0.553183ms)
test	Unit and Temporal history replay tests	2026-09-27T16:58:33.2862055Z ✔ managed PostgreSQL resilience contract (15.056389ms)
test	Unit and Temporal history replay tests	2026-09-27T16:58:33.2867075Z ✔ one shared allocation serves repeated large/small responses without corrupting previous results (163.423459ms)
test	Unit and Temporal history replay tests	2026-09-27T16:58:33.2869248Z ✔ notification without a ready flag does not expose the previous response (59.335865ms)
test	Unit and Temporal history replay tests	2026-09-27T16:58:33.2870302Z ✔ already-published responses, timeout and corrupted length remain explicit (8.532646ms)
test	Unit and Temporal history replay tests	2026-09-27T16:58:33.2986486Z ▶ process activities
test	Unit and Temporal history replay tests	2026-09-27T16:58:33.3016744Z   ✔ renders only bounded declarative expressions (2.022897ms)
test	Unit and Temporal history replay tests	2026-09-27T16:58:33.3017727Z   ✔ encrypts credentials and executes HTTP, approval, wait and artifact stages in one durable run (74.146446ms)
test	Unit and Temporal history replay tests	2026-09-27T16:58:33.3018810Z   ✔ rejects MCP-scoped credentials in HTTP process steps (37.378515ms)
test	Unit and Temporal history replay tests	2026-09-27T16:58:33.3019645Z   ✔ tests transform and HTTP draft nodes without publishing a process (40.877553ms)
test	Unit and Temporal history replay tests	2026-09-27T16:58:33.3020608Z   ✔ lets a Temporal workflow own durable wait timers without polling them from overview or workers (44.969285ms)
test	Unit and Temporal history replay tests	2026-09-27T16:58:33.3021425Z ✔ process activities (200.864128ms)
test	Unit and Temporal history replay tests	2026-09-27T16:58:33.8747121Z ▶ process builder 1.2
test	Unit and Temporal history replay tests	2026-09-27T16:58:33.8748392Z   ✔ forks deterministic tokens, joins every branch once and preserves branch order (46.13041ms)
test	Unit and Temporal history replay tests	2026-09-27T16:58:33.8765302Z   ✔ rejects a fork branch that can reach end without its paired join (32.754964ms)
test	Unit and Temporal history replay tests	2026-09-27T16:58:33.8767976Z   ✔ waits on a separately addressable external signal and exposes an idempotent webhook trigger (30.188301ms)
test	Unit and Temporal history replay tests	2026-09-27T16:58:33.8771303Z   ✔ starts webhook instances exactly once for one Idempotency-Key (34.662357ms)
test	Unit and Temporal history replay tests	2026-09-27T16:58:33.8774428Z   ✔ pins subprocess versions and clones reusable templates (41.020602ms)
test	Unit and Temporal history replay tests	2026-09-27T16:58:33.8779676Z   ✔ resolves embedded subprocess events to the root runtime owner (39.123426ms)
test	Unit and Temporal history replay tests	2026-09-27T16:58:33.8784285Z   ✔ cancels pending signals and embedded subprocesses without allowing late resurrection (39.625612ms)
test	Unit and Temporal history replay tests	2026-09-27T16:58:33.8788330Z   ✔ diffs immutable versions and round-trips BPMN 2.0 extensions (51.000267ms)
test	Unit and Temporal history replay tests	2026-09-27T16:58:33.8795851Z   ✔ imports a standard BPMN parallel gateway without AGAT extensions (37.536168ms)
test	Unit and Temporal history replay tests	2026-09-27T16:58:33.8798870Z   ✔ rejects ambiguous multi-process BPMN instead of merging definitions (35.256658ms)
test	Unit and Temporal history replay tests	2026-09-27T16:58:33.8806051Z   ✔ reuses recorded side effects in safe instance replay and sends deterministic idempotency keys (50.623687ms)
test	Unit and Temporal history replay tests	2026-09-27T16:58:33.8809336Z   ✔ runs compensations in reverse order and keeps their calls idempotent (38.745809ms)
test	Unit and Temporal history replay tests	2026-09-27T16:58:33.8810358Z   ✔ does not compensate an HTTP side effect that never completed (34.319772ms)
test	Unit and Temporal history replay tests	2026-09-27T16:58:33.8811719Z   ✔ normalizes interval, cron and calendar schedule specs without accepting invalid timezone input (8.545775ms)
test	Unit and Temporal history replay tests	2026-09-27T16:58:33.8812588Z ✔ process builder 1.2 (524.120825ms)
test	Unit and Temporal history replay tests	2026-09-27T16:58:34.2533018Z ✔ catalog HTTP route and create endpoint preserve admin checks, project isolation and version validation (113.281995ms)
test	Unit and Temporal history replay tests	2026-09-27T16:58:34.9749217Z ✔ every catalog graph can be published after explicit project agent binding (59.008294ms)
test	Unit and Temporal history replay tests	2026-09-27T16:58:34.9750018Z ✔ unassigned roles stay draft; project template copies preserve independence and cannot run unpublished (47.878775ms)
test	Unit and Temporal history replay tests	2026-09-27T16:58:34.9751014Z ✔ catalog instantiation rejects stale versions, ambiguous input and invalid or foreign bindings before creating anything (44.998543ms)
test	Unit and Temporal history replay tests	2026-09-27T16:58:34.9751730Z ✔ catalog reads and instances do not mutate canonical definitions (1.729281ms)
test	Unit and Temporal history replay tests	2026-09-27T16:58:34.9752412Z ✔ all 13 templates reach human review and persist their artifact on approval using simulated worker output (560.456264ms)
test	Unit and Temporal history replay tests	2026-09-27T16:58:34.9753428Z ✔ all 13 templates reach human review and stop without final artifact on rejection using simulated worker output (438.916814ms)
test	Unit and Temporal history replay tests	2026-09-27T16:58:34.9990760Z ✔ human forms HTTP validates before advancing, respects project scope and audits the submitted answers (136.557202ms)
test	Unit and Temporal history replay tests	2026-09-27T16:58:37.0782561Z ✔ form schema survives draft, publication and BPMN round trip; malformed published schemas are rejected (4.205046ms)
test	Unit and Temporal history replay tests	2026-09-27T16:58:37.0795574Z ✔ server validates required fields, scalar types, choices, real dates, size and unexpected keys (0.933689ms)
test	Unit and Temporal history replay tests	2026-09-27T16:58:37.0797685Z ✔ answers resume a pinned form after a restart, preserve input, reach templates and cannot be submitted twice (1913.778577ms)
test	Unit and Temporal history replay tests	2026-09-27T16:58:37.0798983Z ✔ each loop visit gets a new human task and a JSON answer exits the cycle early (55.155534ms)
test	Unit and Temporal history replay tests	2026-09-27T16:58:37.0800021Z ✔ loop limit exits even when the answer keeps requesting rework, rejection needs no form (60.41246ms)
test	Unit and Temporal history replay tests	2026-09-27T16:58:37.0801945Z ✔ an agent approval passes validated answers to its worker input (53.08745ms)
test	Unit and Temporal history replay tests	2026-09-27T16:58:37.0802970Z ✔ a legacy approval without a form preserves the original input for the first agent (51.751052ms)
test	Unit and Temporal history replay tests	2026-09-27T16:58:37.0804233Z ✔ fifty immediate repeats complete beyond the old 128-transition ceiling; original context stays bounded (76.52552ms)
test	Unit and Temporal history replay tests	2026-09-27T16:58:37.0805362Z ✔ publication rejects cycles bypassing a bounded repeat and repeat branches that never return (1.082526ms)
test	Unit and Temporal history replay tests	2026-09-27T16:58:37.1178061Z ✔ input templates are optional, literal text and limited in both drafts and published graphs (3.248114ms)
test	Unit and Temporal history replay tests	2026-09-27T16:58:37.1197726Z ✔ saved templates survive versions, cloning and BPMN without changing actual run input (45.474346ms)
test	Unit and Temporal history replay tests	2026-09-27T16:58:37.1228776Z ﹣ region-loss DR PostgreSQL activation (0.316633ms) # SKIP
test	Unit and Temporal history replay tests	2026-09-27T16:58:37.1262170Z ▶ residency-aware region-loss DR
test	Unit and Temporal history replay tests	2026-09-27T16:58:37.1267158Z   ✔ accepts only a fenced active/passive transition with aligned recovery points (8.717896ms)
test	Unit and Temporal history replay tests	2026-09-27T16:58:37.1268761Z   ✔ fails closed for cross-residency, active writers, stale evidence and unsafe replication (0.83547ms)
test	Unit and Temporal history replay tests	2026-09-27T16:58:37.1270036Z   ✔ binds the sealed plan to the exact restored project and artifact snapshots (1.243328ms)
test	Unit and Temporal history replay tests	2026-09-27T16:58:37.1270863Z ✔ residency-aware region-loss DR (11.834859ms)
test	Unit and Temporal history replay tests	2026-09-27T16:58:37.1271396Z ▶ isolated MCP tool sandbox
test	Unit and Temporal history replay tests	2026-09-27T16:58:37.1271984Z   ✔ validates immutable artifacts and exact public-IP egress (4.596935ms)
test	Unit and Temporal history replay tests	2026-09-27T16:58:37.1272857Z   ✔ builds a one-shot non-root Job, immutable invocation Secret and default-deny policy (1.088857ms)
test	Unit and Temporal history replay tests	2026-09-27T16:58:37.1273783Z   ✔ executes through Kubernetes API, rechecks the kill switch and cleans every ephemeral object (0.66134ms)
test	Unit and Temporal history replay tests	2026-09-27T16:58:37.1274680Z   ✔ retains the network boundary until an emergency-aborted Pod is confirmed gone (0.637142ms)
test	Unit and Temporal history replay tests	2026-09-27T16:58:37.1275509Z   ✔ fails closed for native containers without confirmed NetworkPolicy enforcement (0.255303ms)
test	Unit and Temporal history replay tests	2026-09-27T16:58:37.1276820Z ✔ isolated MCP tool sandbox (8.108312ms)
test	Unit and Temporal history replay tests	2026-09-27T16:58:37.1277865Z ✔ preflight HTTP is project-scoped and read-only; start returns actionable conflicts and preserves the reviewed pin (127.442869ms)
test	Unit and Temporal history replay tests	2026-09-27T16:58:37.1279092Z ✔ template preview, saved draft, queueable, runnable and verified are distinct; blockers have exact recovery targets (69.181041ms)
test	Unit and Temporal history replay tests	2026-09-27T16:58:37.1280340Z ✔ start uses the reviewed version even after another publication and rejects missing or invalid pins (49.874016ms)
test	Unit and Temporal history replay tests	2026-09-27T16:58:37.1281318Z ✔ runtime profile and all specialist models must be available on the same worker (40.590616ms)
test	Unit and Temporal history replay tests	2026-09-27T16:58:37.1282355Z ✔ selected knowledge waits for complete embeddings and retrieval support on the agent worker (42.563433ms)
test	Unit and Temporal history replay tests	2026-09-27T16:58:37.1283264Z ✔ required tool catalog, gateway, policies and credential scopes are checked without exposing secrets (42.685088ms)
test	Unit and Temporal history replay tests	2026-09-27T16:58:37.1284138Z ✔ availability is rechecked on start; busy workers remain queueable (38.597304ms)
test	Unit and Temporal history replay tests	2026-09-27T16:58:37.1285093Z ✔ required isolated tools wait for sandbox availability and container network enforcement (66.157205ms)
test	Unit and Temporal history replay tests	2026-09-27T16:58:37.1286298Z ✔ trigger readiness distinguishes manual, disabled runtime, missing/paused schedule and project-owned start webhook (45.502899ms)
test	Unit and Temporal history replay tests	2026-09-27T16:58:37.1287492Z ✔ verification requires a full completed scenario, survives a worker outage and is invalidated by agent or version changes (50.057913ms)
test	Unit and Temporal history replay tests	2026-09-27T16:58:37.1288543Z ✔ trigger preflight checks the knowledge actually configured for scheduled and webhook starts (31.651914ms)
test	Unit and Temporal history replay tests	2026-09-27T16:58:37.1289879Z ✔ required tools survive save, publication, project-template copy and schema validation (33.610872ms)
test	Unit and Temporal history replay tests	2026-09-27T16:58:37.1291393Z ✔ expired scopes are precise blockers, not exceptions; an unrelated expired credential does not block a scenario (33.764896ms)
test	Unit and Temporal history replay tests	2026-09-27T16:58:37.1292697Z ✔ human rejection and unfinished approval cannot verify a scenario; completed approval can (43.261778ms)
test	Unit and Temporal history replay tests	2026-09-27T16:58:37.1293863Z ✔ verification is bound to the actual trigger; latest-version triggers reject older pins (38.453111ms)
test	Unit and Temporal history replay tests	2026-09-27T16:58:39.8173130Z ▶ scheduler
test	Unit and Temporal history replay tests	2026-09-27T16:58:39.8174136Z   ✔ globally serializes work in sequential mode (58.084201ms)
test	Unit and Temporal history replay tests	2026-09-27T16:58:39.8174785Z   ✔ uses independent nodes in parallel mode (41.145159ms)
test	Unit and Temporal history replay tests	2026-09-27T16:58:39.8175343Z   ✔ respects node load in auto mode (40.288486ms)
test	Unit and Temporal history replay tests	2026-09-27T16:58:39.8183725Z   ✔ refreshes worker models and limits through heartbeat capabilities (43.649226ms)
test	Unit and Temporal history replay tests	2026-09-27T16:58:39.8185228Z   ✔ removes only stale nodes that belonged to deleted managed worker pools (39.546828ms)
test	Unit and Temporal history replay tests	2026-09-27T16:58:39.8186389Z   ✔ runs a chain in order and waits for the approval gate (57.656944ms)
test	Unit and Temporal history replay tests	2026-09-27T16:58:39.8187814Z   ✔ persists a full run trace with exact input and observable worker calls (50.518223ms)
test	Unit and Temporal history replay tests	2026-09-27T16:58:39.8188848Z   ✔ propagates W3C trace context and persists execution metrics (33.814939ms)
test	Unit and Temporal history replay tests	2026-09-27T16:58:39.8189747Z   ✔ pins agent snapshots and creates safe side-by-side replay runs (52.315515ms)
test	Unit and Temporal history replay tests	2026-09-27T16:58:39.8190755Z   ✔ rejects replay when a run contains a side-effecting stage (42.635644ms)
test	Unit and Temporal history replay tests	2026-09-27T16:58:39.8191610Z   ✔ stores stage output, final result and agent artifacts under the configured root (52.693679ms)
test	Unit and Temporal history replay tests	2026-09-27T16:58:39.8192459Z   ✔ rejects artifact paths that can escape the configured store (30.656862ms)
test	Unit and Temporal history replay tests	2026-09-27T16:58:39.8193184Z   ✔ returns expired work to the queue (35.901445ms)
test	Unit and Temporal history replay tests	2026-09-27T16:58:39.8193817Z   ✔ fails an endlessly expiring lease after the configured attempt budget (43.381558ms)
test	Unit and Temporal history replay tests	2026-09-27T16:58:39.8194689Z   ✔ timestamps a run when the final worker attempt fails (37.529715ms)
test	Unit and Temporal history replay tests	2026-09-27T16:58:39.8195289Z   ✔ creates, updates and reports real agent usage (40.289937ms)
test	Unit and Temporal history replay tests	2026-09-27T16:58:39.8203737Z   ✔ routes a model-pinned agent only to a compatible node (37.246602ms)
test	Unit and Temporal history replay tests	2026-09-27T16:58:39.8207070Z   ✔ selects the smallest profiled model that passes balanced policy constraints (32.677306ms)
test	Unit and Temporal history replay tests	2026-09-27T16:58:39.8210378Z   ✔ learns passive throughput benchmarks and performance-routes to the fastest node (46.721336ms)
test	Unit and Temporal history replay tests	2026-09-27T16:58:39.8211560Z   ✔ falls back to the next node after a routed attempt fails (39.515575ms)
test	Unit and Temporal history replay tests	2026-09-27T16:58:39.8212476Z   ✔ routes a LangGraph agent only to a worker that advertises the runtime (40.513659ms)
test	Unit and Temporal history replay tests	2026-09-27T16:58:39.8213574Z   ✔ pins ordered specialist subgraphs and requires every member model on one worker (52.833036ms)
test	Unit and Temporal history replay tests	2026-09-27T16:58:39.8214461Z   ✔ rejects unsafe or recursive specialist team definitions (51.150311ms)
test	Unit and Temporal history replay tests	2026-09-27T16:58:39.8215330Z   ✔ rejects unknown or unbounded agent runtime configuration (39.031794ms)
test	Unit and Temporal history replay tests	2026-09-27T16:58:39.8216374Z   ✔ requires approval before a single-agent final stage (42.871827ms)
test	Unit and Temporal history replay tests	2026-09-27T16:58:39.8217344Z   ✔ removes only known demo fixtures when live mode opens an existing database (742.277398ms)
test	Unit and Temporal history replay tests	2026-09-27T16:58:39.8218314Z   ✔ migrates existing agents and nodes to safe single-runtime defaults (528.35985ms)
test	Unit and Temporal history replay tests	2026-09-27T16:58:39.8219295Z   ✔ adds trace and evaluation columns before creating their index on a legacy runs table (430.08445ms)
test	Unit and Temporal history replay tests	2026-09-27T16:58:39.8220256Z   ✔ executes a published process snapshot through the existing worker queue (33.242429ms)
test	Unit and Temporal history replay tests	2026-09-27T16:58:39.8221072Z   ✔ bounds a loop and records every repeated agent visit (34.450076ms)
test	Unit and Temporal history replay tests	2026-09-27T16:58:39.8221819Z   ✔ pins running instances to immutable published versions (31.994227ms)
test	Unit and Temporal history replay tests	2026-09-27T16:58:39.8222623Z   ✔ supports approval gates on visual agent steps (29.216726ms)
test	Unit and Temporal history replay tests	2026-09-27T16:58:39.8223659Z   ✔ rejects an unsafe loop without an explicit exit branch (23.161129ms)
test	Unit and Temporal history replay tests	2026-09-27T16:58:39.8224397Z   ✔ stores an incomplete draft but rejects it on publish (23.67156ms)
test	Unit and Temporal history replay tests	2026-09-27T16:58:39.8225260Z   ✔ tests a draft node and can start a published process from a selected step (26.69421ms)
test	Unit and Temporal history replay tests	2026-09-27T16:58:39.8226206Z ✔ scheduler (2989.769831ms)
test	Unit and Temporal history replay tests	2026-09-27T16:58:39.8680341Z ✔ *** preserves supported separators and rejects malformed schemes or token line breaks (0.960553ms)
test	Unit and Temporal history replay tests	2026-09-27T16:58:39.8681324Z ✔ long whitespace prefixes and malformed token suffixes do not need overlapping regex scans (1.781926ms)
test	Unit and Temporal history replay tests	2026-09-27T16:58:39.8681988Z ▶ SIEM sink conformance
test	Unit and Temporal history replay tests	2026-09-27T16:58:39.8682503Z   ✔ requires an exact acknowledgement for a successful batch (1.086448ms)
test	Unit and Temporal history replay tests	2026-09-27T16:58:39.8683105Z   ✔ retries transient responses and dead-letters permanent responses (0.122181ms)
test	Unit and Temporal history replay tests	2026-09-27T16:58:39.8683673Z ✔ SIEM sink conformance (2.032989ms)
test	Unit and Temporal history replay tests	2026-09-27T16:58:39.8684500Z ✔ prepared aggregate report survives publication, review and byte-exact downloads; rejection and partial start cannot create artifacts (240.121657ms)
test	Unit and Temporal history replay tests	2026-09-27T16:58:39.8685748Z ✔ prepared requests report survives publication, review and byte-exact downloads; rejection and partial start cannot create artifacts (183.634212ms)
test	Unit and Temporal history replay tests	2026-09-27T16:58:39.8686655Z ﹣ SQLite to PostgreSQL migration integration (0.472694ms) # SKIP
test	Unit and Temporal history replay tests	2026-09-27T16:58:39.8687130Z ▶ SQLite to PostgreSQL migration contract
test	Unit and Temporal history replay tests	2026-09-27T16:58:39.8687615Z   ✔ canonicalizes integer and binary representations across drivers (0.919135ms)
test	Unit and Temporal history replay tests	2026-09-27T16:58:39.8688112Z   ✔ orders parent tables before dependent tables deterministically (0.832134ms)
test	Unit and Temporal history replay tests	2026-09-27T16:58:39.8688544Z   ✔ fails closed on cross-table dependency cycles (0.41269ms)
test	Unit and Temporal history replay tests	2026-09-27T16:58:39.8689072Z   ✔ accepts historical SQLite column order but rejects actual shape drift (0.140016ms)
test	Unit and Temporal history replay tests	2026-09-27T16:58:39.8689564Z ✔ SQLite to PostgreSQL migration contract (3.421135ms)
test	Unit and Temporal history replay tests	2026-09-27T16:58:39.8690281Z ✔ complete rejects an invalid lease at admission (before request) before state or artifact writes (53.979147ms)
test	Unit and Temporal history replay tests	2026-09-27T16:58:39.8690969Z ℹ After complete (before request): stage=running, artifacts=0
test	Unit and Temporal history replay tests	2026-09-27T16:58:39.8691742Z ✔ complete rejects an invalid lease at admission (during stage read) before state or artifact writes (47.200801ms)
test	Unit and Temporal history replay tests	2026-09-27T16:58:39.8692487Z ℹ After complete (during stage read): stage=running, artifacts=0
test	Unit and Temporal history replay tests	2026-09-27T16:58:39.8693991Z ✔ complete rejects an invalid lease at admission (invalid expiry) before state or artifact writes (40.315653ms)
test	Unit and Temporal history replay tests	2026-09-27T16:58:39.8694986Z ℹ After complete (invalid expiry): stage=running, artifacts=0
test	Unit and Temporal history replay tests	2026-09-27T16:58:39.8696247Z ✔ fail rejects an invalid lease at admission (before request) before state or artifact writes (39.120532ms)
test	Unit and Temporal history replay tests	2026-09-27T16:58:39.8697062Z ℹ After fail (before request): stage=running, artifacts=0
test	Unit and Temporal history replay tests	2026-09-27T16:58:39.8697876Z ✔ fail rejects an invalid lease at admission (during stage read) before state or artifact writes (31.680332ms)
test	Unit and Temporal history replay tests	2026-09-27T16:58:39.8698668Z ℹ After fail (during stage read): stage=running, artifacts=0
test	Unit and Temporal history replay tests	2026-09-27T16:58:39.8699490Z ✔ fail rejects an invalid lease at admission (invalid expiry) before state or artifact writes (39.006485ms)
test	Unit and Temporal history replay tests	2026-09-27T16:58:39.8700185Z ℹ After fail (invalid expiry): stage=running, artifacts=0
test	Unit and Temporal history replay tests	2026-09-27T16:58:39.8700789Z ✔ maintenance rolls back stage and run changes if its retry event cannot persist (42.19196ms)
test	Unit and Temporal history replay tests	2026-09-27T16:58:39.8701515Z ✔ maintenance rolls back stage and run changes if its failure event cannot persist (30.096971ms)
test	Unit and Temporal history replay tests	2026-09-27T16:58:39.8702264Z ✔ stage renewal rejects exact boundary without reviving the old owner (30.170403ms)
test	Unit and Temporal history replay tests	2026-09-27T16:58:39.8702805Z ℹ Stage renewal/exact boundary: renewed=false
test	Unit and Temporal history replay tests	2026-09-27T16:58:39.8703422Z ✔ stage renewal rejects invalid date without reviving the old owner (28.667764ms)
test	Unit and Temporal history replay tests	2026-09-27T16:58:39.8704016Z ℹ Stage renewal/invalid date: renewed=false
test	Unit and Temporal history replay tests	2026-09-27T16:58:39.8704394Z ▶ OpenTelemetry export
test	Unit and Temporal history replay tests	2026-09-27T16:58:39.8704952Z   ✔ exports a connected run and dispatch trace without prompt content (6.349893ms)
test	Unit and Temporal history replay tests	2026-09-27T16:58:39.8705901Z ✔ OpenTelemetry export (7.309976ms)
test	Unit and Temporal history replay tests	2026-09-27T16:58:39.8706342Z ▶ Temporal production hardening
test	Unit and Temporal history replay tests	2026-09-27T16:58:39.8706836Z   ✔ rejects malformed Temporal environment values before startup (1.624009ms)
test	Unit and Temporal history replay tests	2026-09-27T16:58:39.8707561Z   ✔ fails closed for incomplete production transport and unsafe PostgreSQL roles (1.036017ms)
test	Unit and Temporal history replay tests	2026-09-27T16:58:39.8708254Z   ✔ fails closed for incomplete worker trust chains and remote SIEM credentials (0.457881ms)
test	Unit and Temporal history replay tests	2026-09-27T16:58:39.8708870Z   ✔ builds a secret-bearing connection descriptor without leaking it into the runtime snapshot (0.826118ms)
test	Unit and Temporal history replay tests	2026-09-27T16:58:39.8709486Z   ✔ normalizes bounded project-scoped schedules and stable Temporal IDs (16.97378ms)
test	Unit and Temporal history replay tests	2026-09-27T16:58:39.8709928Z ✔ Temporal production hardening (21.839881ms)
test	Unit and Temporal history replay tests	2026-09-27T16:58:39.8710529Z ℹ tests 284
test	Unit and Temporal history replay tests	2026-09-27T16:58:39.8710790Z ℹ suites 27
test	Unit and Temporal history replay tests	2026-09-27T16:58:39.8711023Z ℹ pass 283
test	Unit and Temporal history replay tests	2026-09-27T16:58:39.8711362Z ℹ fail 1
test	Unit and Temporal history replay tests	2026-09-27T16:58:39.8711617Z ℹ cancelled 0
test	Unit and Temporal history replay tests	2026-09-27T16:58:39.8711894Z ℹ skipped 0
test	Unit and Temporal history replay tests	2026-09-27T16:58:39.8712183Z ℹ todo 0
test	Unit and Temporal history replay tests	2026-09-27T16:58:39.8712632Z ℹ duration_ms 33434.702066
test	Unit and Temporal history replay tests	2026-09-27T16:58:39.8712836Z
test	Unit and Temporal history replay tests	2026-09-27T16:58:39.8712964Z ✖ failing tests:
test	Unit and Temporal history replay tests	2026-09-27T16:58:39.8713128Z
test	Unit and Temporal history replay tests	2026-09-27T16:58:39.8713353Z test at test/decision-rag-workflow.test.ts:1:3413
test	Unit and Temporal history replay tests	2026-09-27T16:58:39.8714060Z ✖ real workers index both documents, retrieve every stage and preserve primary outputs with shadow (7062.585951ms)
test	Unit and Temporal history replay tests	2026-09-27T16:58:39.8714630Z   AssertionError [ERR_ASSERTION]: workflow_validation_failed
test	Unit and Temporal history replay tests	2026-09-27T16:58:39.8715074Z   + actual - expected
test	Unit and Temporal history replay tests	2026-09-27T16:58:39.8715318Z
test	Unit and Temporal history replay tests	2026-09-27T16:58:39.8715523Z   + 'incomplete'
test	Unit and Temporal history replay tests	2026-09-27T16:58:39.8716008Z   - 'observed'
test	Unit and Temporal history replay tests	2026-09-27T16:58:39.8716412Z
test	Unit and Temporal history replay tests	2026-09-27T16:58:39.8717001Z       at TestContext.<anonymous> (/home/runner/work/Agat/Agat/apps/coordinator/test/decision-rag-workflow.test.ts:107:12)
test	Unit and Temporal history replay tests	2026-09-27T16:58:39.8717783Z       at process.processTicksAndRejections (node:internal/process/task_queues:104:5)
test	Unit and Temporal history replay tests	2026-09-27T16:58:39.8718386Z       at async Test.run (node:internal/test_runner/test:1409:7)
test	Unit and Temporal history replay tests	2026-09-27T16:58:39.8718951Z       at async Test.processPendingSubtests (node:internal/test_runner/test:974:7) {
test	Unit and Temporal history replay tests	2026-09-27T16:58:39.8719488Z     generatedMessage: false,
test	Unit and Temporal history replay tests	2026-09-27T16:58:39.8719860Z     code: 'ERR_ASSERTION',
test	Unit and Temporal history replay tests	2026-09-27T16:58:39.8720180Z     actual: 'incomplete',
test	Unit and Temporal history replay tests	2026-09-27T16:58:39.8720782Z     expected: 'observed',
test	Unit and Temporal history replay tests	2026-09-27T16:58:39.8721130Z     operator: 'strictEqual',
test	Unit and Temporal history replay tests	2026-09-27T16:58:39.8721440Z     diff: 'simple'
test	Unit and Temporal history replay tests	2026-09-27T16:58:39.8721782Z   }
test	Unit and Temporal history replay tests	2026-09-27T16:58:39.8811515Z npm error Lifecycle script `test` failed with error:
test	Unit and Temporal history replay tests	2026-09-27T16:58:39.8812295Z npm error code 1
test	Unit and Temporal history replay tests	2026-09-27T16:58:39.8812912Z npm error path /home/runner/work/Agat/Agat/apps/coordinator
test	Unit and Temporal history replay tests	2026-09-27T16:58:39.8813613Z npm error workspace @agat/coordinator@1.7.0
test	Unit and Temporal history replay tests	2026-09-27T16:58:39.8814224Z npm error location /home/runner/work/Agat/Agat/apps/coordinator
test	Unit and Temporal history replay tests	2026-09-27T16:58:39.8814826Z npm error command failed
test	Unit and Temporal history replay tests	2026-09-27T16:58:39.8815839Z npm error command sh -c node --import tsx --test test/*.test.ts
test	Unit and Temporal history replay tests	2026-09-27T16:58:39.9021634Z ##[error]Process completed with exit code 1.
test	Post Run actions/checkout@v7	﻿2026-09-27T16:58:39.9136462Z Post job cleanup.
test	Post Run actions/checkout@v7	2026-09-27T16:58:39.9773267Z [command]/usr/bin/git version
test	Post Run actions/checkout@v7	2026-09-27T16:58:39.9803557Z git version 2.55.0
test	Post Run actions/checkout@v7	2026-09-27T16:58:39.9830398Z Temporarily overriding HOME='/home/runner/work/_temp/e2bbba8f-b02b-4171-8328-23b90e04b84b' before making global git config changes
test	Post Run actions/checkout@v7	2026-09-27T16:58:39.9831682Z Adding repository directory to the temporary git global config as a safe directory
test	Post Run actions/checkout@v7	2026-09-27T16:58:39.9836464Z [command]/usr/bin/git config --global --add safe.directory /home/runner/work/Agat/Agat
test	Post Run actions/checkout@v7	2026-09-27T16:58:39.9860785Z Removing SSH command configuration
test	Post Run actions/checkout@v7	2026-09-27T16:58:39.9865184Z [command]/usr/bin/git config --local --name-only --get-regexp core\.sshCommand
test	Post Run actions/checkout@v7	2026-09-27T16:58:39.9891158Z [command]/usr/bin/git submodule foreach --recursive sh -c "git config --local --name-only --get-regexp 'core\.sshCommand' && git config --local --unset-all 'core.sshCommand' || :"
test	Post Run actions/checkout@v7	2026-09-27T16:58:40.0058975Z Removing HTTP extra header
test	Post Run actions/checkout@v7	2026-09-27T16:58:40.0062211Z [command]/usr/bin/git config --local --name-only --get-regexp http\.https\:\/\/github\.com\/\.extraheader
test	Post Run actions/checkout@v7	2026-09-27T16:58:40.0093284Z [command]/usr/bin/git submodule foreach --recursive sh -c "git config --local --name-only --get-regexp 'http\.https\:\/\/github\.com\/\.extraheader' && git config --local --unset-all 'http.https://github.com/.extraheader' || :"
test	Post Run actions/checkout@v7	2026-09-27T16:58:40.0243821Z Removing includeIf entries pointing to credentials config files
test	Post Run actions/checkout@v7	2026-09-27T16:58:40.0264145Z [command]/usr/bin/git config --local --name-only --get-regexp ^includeIf\.gitdir:
test	Post Run actions/checkout@v7	2026-09-27T16:58:40.0275987Z includeif.gitdir:/home/runner/work/Agat/Agat/.git.path
test	Post Run actions/checkout@v7	2026-09-27T16:58:40.0277085Z includeif.gitdir:/home/runner/work/Agat/Agat/.git/worktrees/*.path
test	Post Run actions/checkout@v7	2026-09-27T16:58:40.0278137Z includeif.gitdir:/github/workspace/.git.path
test	Post Run actions/checkout@v7	2026-09-27T16:58:40.0279129Z includeif.gitdir:/github/workspace/.git/worktrees/*.path
test	Post Run actions/checkout@v7	2026-09-27T16:58:40.0280674Z [command]/usr/bin/git config --local --get-all includeif.gitdir:/home/runner/work/Agat/Agat/.git.path
test	Post Run actions/checkout@v7	2026-09-27T16:58:40.0290776Z /home/runner/work/_temp/git-credentials-5dae8d99-0445-4f2d-a5a1-7ed77ebae2a4.config
test	Post Run actions/checkout@v7	2026-09-27T16:58:40.0298221Z [command]/usr/bin/git config --local --unset includeif.gitdir:/home/runner/work/Agat/Agat/.git.path \/home\/runner\/work\/_temp\/git\-credentials\-5dae8d99\-0445\-4f2d\-a5a1\-7ed77ebae2a4\.config
test	Post Run actions/checkout@v7	2026-09-27T16:58:40.0324474Z [command]/usr/bin/git config --local --get-all includeif.gitdir:/home/runner/work/Agat/Agat/.git/worktrees/*.path
test	Post Run actions/checkout@v7	2026-09-27T16:58:40.0343622Z /home/runner/work/_temp/git-credentials-5dae8d99-0445-4f2d-a5a1-7ed77ebae2a4.config
test	Post Run actions/checkout@v7	2026-09-27T16:58:40.0352657Z [command]/usr/bin/git config --local --unset includeif.gitdir:/home/runner/work/Agat/Agat/.git/worktrees/*.path \/home\/runner\/work\/_temp\/git\-credentials\-5dae8d99\-0445\-4f2d\-a5a1\-7ed77ebae2a4\.config
test	Post Run actions/checkout@v7	2026-09-27T16:58:40.0378678Z [command]/usr/bin/git config --local --get-all includeif.gitdir:/github/workspace/.git.path
test	Post Run actions/checkout@v7	2026-09-27T16:58:40.0395908Z /github/runner_temp/git-credentials-5dae8d99-0445-4f2d-a5a1-7ed77ebae2a4.config
test	Post Run actions/checkout@v7	2026-09-27T16:58:40.0400777Z [command]/usr/bin/git config --local --unset includeif.gitdir:/github/workspace/.git.path \/github\/runner_temp\/git\-credentials\-5dae8d99\-0445\-4f2d\-a5a1\-7ed77ebae2a4\.config
test	Post Run actions/checkout@v7	2026-09-27T16:58:40.0427009Z [command]/usr/bin/git config --local --get-all includeif.gitdir:/github/workspace/.git/worktrees/*.path
test	Post Run actions/checkout@v7	2026-09-27T16:58:40.0449498Z /github/runner_temp/git-credentials-5dae8d99-0445-4f2d-a5a1-7ed77ebae2a4.config
test	Post Run actions/checkout@v7	2026-09-27T16:58:40.0453479Z [command]/usr/bin/git config --local --unset includeif.gitdir:/github/workspace/.git/worktrees/*.path \/github\/runner_temp\/git\-credentials\-5dae8d99\-0445\-4f2d\-a5a1\-7ed77ebae2a4\.config
test	Post Run actions/checkout@v7	2026-09-27T16:58:40.0494428Z [command]/usr/bin/git submodule foreach --recursive git config --local --show-origin --name-only --get-regexp remote.origin.url
test	Post Run actions/checkout@v7	2026-09-27T16:58:40.0644310Z Removing credentials config '/home/runner/work/_temp/git-credentials-5dae8d99-0445-4f2d-a5a1-7ed77ebae2a4.config'
test	Complete job	﻿2026-09-27T16:58:40.0765533Z Cleaning up orphan processes
